-- Adminer 4.8.1 MySQL 8.0.28 dump

SET NAMES utf8;
SET time_zone = '+00:00';
SET foreign_key_checks = 0;
SET sql_mode = 'NO_AUTO_VALUE_ON_ZERO';

DROP TABLE IF EXISTS `category`;
CREATE TABLE `category` (
  `id` varchar(100) NOT NULL,
  `name` varchar(1000) NOT NULL,
  `order` int NOT NULL,
  `icon` varchar(100) CHARACTER SET utf8 COLLATE utf8_general_ci DEFAULT NULL,
  `description` varchar(2000) CHARACTER SET utf8 COLLATE utf8_general_ci DEFAULT NULL,
  `language_code` varchar(2) CHARACTER SET utf8 COLLATE utf8_general_ci DEFAULT NULL,
  PRIMARY KEY (`id`),
  UNIQUE KEY `id` (`id`)
) ENGINE=InnoDB DEFAULT CHARSET=utf8mb3;

INSERT INTO `category` (`id`, `name`, `order`, `icon`, `description`, `language_code`) VALUES
('age',	'Age',	6,	'cake',	'Il s\'agit de commentaires et d\'actions basés sur l\'âge d\'une personne. Ils se manifestent de nombreuses façons, notamment par des plaisanteries sur l\'âge d\'une personne ou par la remise en question de sa capacité à comprendre ou à faire des choses.',	'fr'),
('base-sur-la-classe',	'Basé sur la classe',	7,	'domain',	'Ce sont des commentaires et des actions basés sur le statut de quelqu\'un dans la vie. Ils suggèrent que leur valeur est basée sur l\'argent, l\'éducation, la classe sociale, etc.',	'fr'),
('faji-hovatartozas-etnikum',	'Faji hovatartozás, Etnikum',	2,	'public',	'Ezek olyan megjegyzések és cselekedetek, amelyek fenntartják a faji alapú emberekről alkotott negatív nézeteket vagy előítéleteket. Ezek általában a nyelv, az akcentus, a vallás, a ruházat, a bőrszín, a haj színe és állaga, a szemszín, az arcvonások, a testalkat stb. alapján történnek.',	'hu'),
('fogyatekossag',	'Fogyatékosság',	5,	'accessible',	'Ezek a megjegyzések a fogyatékossággal élő emberek ellen irányulnak (beleértve a láthatatlan és epizódikus fogyatékosságokat és a mentális betegségeket). A megjegyzések abból a társadalmi meggyőződésből fakadnak, hogy a fogyatékosság hiánya az \"erősség\" és a \"normális\" lét jele.',	'hu'),
('genre',	'Genre',	3,	'wc',	'Il s\'agit de commentaires et d\'actions à l\'égard d\'une personne en fonction de son sexe ou de son identité. Ils découlent des stéréotypes et des préjugés qui existent en matière de rôles et d\'identités sexuels.',	'fr'),
('handicap',	'Handicap',	5,	'accessible',	'Ces commentaires et actions sont dirigés contre les personnes handicapées (y compris les handicaps invisibles, épisodiques et aussi la santé mentale). Ces commentaires proviennent d\'une croyance sociétale selon laquelle ne pas avoir de handicap est un signe de \"force\" et de \"normalité\".',	'fr'),
('kor',	'Kor',	6,	'cake',	'Ezek olyan megjegyzések és cselekedetek, amelyek azon alapulnak, hogy valaki mennyire fiatal vagy idős. Ezek sokféleképpen jelentkeznek, például viccelődve valakinek a korával kapcsolatban, vagy megkérdőjelezve a képességét, hogy megértsen vagy megtegyen dolgokat.',	'hu'),
('lgbt',	'LGBT+',	4,	'people',	'Il s\'agit de commentaires et d\'actions dirigés contre des personnes en raison de leur identité de genre et/ou de leur orientation sexuelle. Ces commentaires proviennent généralement de la croyance sociétale selon laquelle être hétéro, par exemple, est un signe d\'être \"normal\".',	'fr'),
('lmbt',	'LMBT+',	4,	'people',	'Ezek a nemi identitás és/vagy szexuális irányultság alapján az emberek ellen irányuló megjegyzések és cselekedetek. Ezek a megjegyzések általában abból a ciszhetero-normativitásból fakadnak.',	'hu'),
('nem',	'Nem',	3,	'wc',	'Ezek olyan megjegyzések és cselekedetek, amelyek a személy neméből vagy a nemi identitásával kapcsolatos sztereotípiákból erednek.',	'hu'),
('osztalyalapu',	'Osztályalapú',	7,	'domain',	'Ezek olyan megjegyzések és cselekedetek, amelyek valakinek az életben betöltött státuszán alapulnak. Azt sugallják, hogy az egyén értéke a pénzen, az oktatáson, az osztályon stb. alapul.',	'hu'),
('race-ethnicite',	'Race, Ethnicité',	2,	'public',	'Il s\'agit de commentaires et d\'actions qui entretiennent une vision négative des personnes racialisées. Ils sont généralement fondés sur la couleur de la peau, la couleur et la texture des cheveux, la couleur des yeux, les traits du visage, la constitution physique, etc.',	'fr'),
('religion',	'Religion',	1,	'church',	'Il s\'agit de commentaires et d\'actions fondés sur la foi d\'une personne. Ils sont généralement dirigés vers ceux qui ne suivent pas la foi chrétienne.',	'fr'),
('vallas',	'Vallás',	1,	'church',	'Ezek olyan megjegyzések és cselekedetek, amelyek valakinek a vallásával kapcsolatos. Általában azok ellen irányulnak, akik nem a keresztény hitet követik.',	'hu');

DROP TABLE IF EXISTS `entry`;
CREATE TABLE `entry` (
  `id` varchar(100) CHARACTER SET utf8 COLLATE utf8_general_ci NOT NULL,
  `title` varchar(1000) CHARACTER SET utf8 COLLATE utf8_general_ci NOT NULL,
  `description` text CHARACTER SET utf8 COLLATE utf8_general_ci NOT NULL,
  `modified_at` timestamp NOT NULL ON UPDATE CURRENT_TIMESTAMP,
  `deleted_at` timestamp NULL DEFAULT NULL,
  PRIMARY KEY (`id`),
  UNIQUE KEY `id` (`id`)
) ENGINE=InnoDB DEFAULT CHARSET=utf8mb3;

INSERT INTO `entry` (`id`, `title`, `description`, `modified_at`, `deleted_at`) VALUES
('a-fiuk-mar-csak-ilyenek',	'A fiúk már csak ilyenek.',	'Ezt a kifejezést arra használják, hogy felmentsenek minden hagyományosan férfias viselkedést vagy hozzáállást a férfiak és a fiúk minden korosztálya számára. Jellemzően a lármás vagy pajkos viselkedés elutasítására használják. Arra utal, hogy a fiúknak kevés önkontrolljuk van a tetteik felett. Ez a kifejezés elősegíti és állandósítja a nemi sztereotípiákat. Azt sugallja, hogy a fiúktól elvárható, hogy bizonyos módon viselkedjenek, és hogy ez az emberi természetükből fakad. Azt sugallja, hogy nem tudnak felelősséget vállalni a tetteikért és azok következményeiért. Továbbá azt sugallja, hogy azok a fiúk, akik nem felelnek meg a férfiasságról alkotott elképzelésnek, abnormálisak. Ezt a kifejezést néha olyan súlyos bűncselekmények, mint a szexuális erőszak mentségére használják. Ez a mentség nem teszi felelőssé az egyéneket a tetteikért. Azt is sugallja, hogy minden férfi arra van programozva, hogy így viselkedjen.',	'2022-04-01 00:00:00',	NULL),
('a-heteroszexualis-vagy-cisznemueket-normaliskent-vagy-atlagoskent-emliteni',	'A heteroszexuális vagy ciszneműeket \"normálisként\" vagy \"átlagosként\" említeni.',	'Az ilyen szavak azt sugallják, hogy a heteroszexuális, cisznemű emberek jelentik a mércét, amelyhez másokat hasonlítani kell. Azt sugallják, hogy egy személynek heterónak és/vagy ciszneműnek kell lennie ahhoz, hogy elfogadják (azaz heteronormativitás), és azt a meggyőződést erősítik, hogy azok, akik nem ciszneműek és/vagy heteroszexuálisak, valahogy alacsonyabb rendűek társaikhoz képest.',	'2022-04-01 00:00:00',	NULL),
('a-nevedet-tul-nehez-kiejteni',	'A nevedet túl nehéz kiejteni.',	'Ez a megjegyzés megerősíti a nyugati központú neveket mint normát, és azt kommunikálja az ember felé, hogy kívülálló. A név egy személy identitásának lényeges része. Ha valaki nem hajlandó megfelelően kiejteni a nevét, az leértékeli és elveti az identitását, és a tisztelet hiányának jele. Egy \"könnyebb\" név kérése (gyakran a \"nyugati\" alternatíva szinonimája) tovább erősíti a tisztelet és az erőfeszítés hiányát, és a nyugati neveket tartja fenn normaként.',	'2022-04-01 00:00:00',	NULL),
('a-noi-szo-szerepeltetese-a-munkakor-megnevezeseben',	'A \"női\" szó szerepeltetése a munkakör megnevezésében.',	'Ez azt feltételezi, hogy bizonyos munkakörökben, pozíciókban és iparágakban a férfiak az alapértelmezettek, vagy hogy a magasan képzett és jól fizető munkakörökben dolgozó nők kívül esnek a normán. Feltételezi, hogy a sztereotipikusan megbecsült munkaköröket (pl. orvos, mérnök, vezérigazgató stb.) férfiak töltik be. Egy nőt \"női vezérigazgatóként\" vagy \"lányfőnökként\" leírni lekezelő módon utalhat egy nő teljesítményére és képességeire. Ez arra késztetheti a nőt, hogy megkérdőjelezze a tekintélyt parancsoló pozícióját. De azt is jelezheti a társadalom felé, hogy bár tisztelik őket, de közel sem annyira, mint egy hasonló pozícióban lévő férfit.',	'2022-04-01 00:00:00',	NULL),
('a-noket-orultnek-ribancnak-vagy-hiszterikusnak-nevezni',	'A nőket őrültnek, ribancnak vagy hisztérikusnak nevezni.',	'Ezek a megjegyzések azt kommunikálják, hogy a nők túlságosan érzelmesek és instabilak, akiket nem lehet komolyan venni. A nők gyakran kapnak ilyen megjegyzéseket, amikor véleményt nyilvánítanak vagy határokat szabnak. Ezek a sztereotípiák megerősítik azt a hiedelmet, hogy a nők irracionálisak. Leértékelik a nők véleményét. Akadályozhatják a sikerüket is (pl. munkahelyek, kapcsolatok stb.). Ez a rejtett bántalmazás egy formája, amely negatív hatással lehet a mentális egészségre is.',	'2022-04-01 00:00:00',	NULL),
('a-rozsaszin-a-lanyoknak-valo',	'A rózsaszín a lányoknak való.',	'Ezt a megjegyzést a fiatal fiúk kapják társaiktól, idegenektől, sőt néha még családtagjaiktól is, ha a rózsaszín, mint szín iránt érdeklődnek. A társadalom régóta nemeket rendel a színekhez. Ez gyakran már a gyermek születése előtt elkezdődik, amikor a barátok és a család elkezdenek bizonyos színű játékokat és ruhákat vásárolni, az alapján, hogy mi az, amivel a különböző neműek játszanak, amit viselnek stb. Ez nemcsak a nemek meghatározását korlátozza, hanem arra kényszeríti a gyerekeket és a felnőtteket, hogy az elfogadható színek szűk formáiba illeszkedjenek. A fiúknak azt mondja, hogy nem helyes, ha szeretik a rózsaszínt, mert az \"nőiesebbé\" teszi őket. Azok a fiúk, akik ezt a színt részesítik előnyben, zavarban érezhetik magukat, nevetségessé válhatnak, vagy úgy érezhetik, mintha valami baj lenne azzal, amit szeretnek.',	'2022-04-01 00:00:00',	NULL),
('a-taskadat-szorongatod-amikor-egy-kisebbsegi-szinesboru-kozeledik',	'A táskádat szorongatod, amikor egy kisebbségi vagy színesbőrű személy közeledik.',	'Ez a viselkedés faji sztereotípiákban gyökerezik. Azt jelezheti másoknak, hogy a kisebbségi vagy színesbőrű embereket veszélyesnek vagy bűnözőnek tekintjük, őket agresszívnek és fenyegetőnek állítjuk be. Ezt az előítéletet gyakran a filmek és a televízió táplálja. A mainstream média hajlamos a kisebbségi embereket erőszakosnak mutatni.',	'2022-04-01 00:00:00',	NULL),
('a-teljesitmenyelvuseg-mitosza',	'A teljesítményelvűség mítosza',	'Az a meggyőződés, hogy a kemény munka az egyetlen dolog, amire az embernek szüksége van a sikerhez. Azt hirdeti, hogy egy személy faji hovatartozása, neme, fogyatékossága stb. nincs hatással a számára elérhető lehetőségekre.',	'2022-04-01 00:00:00',	NULL),
('annyira-fonokoskodo-vagy',	'Annyira főnökösködő vagy.',	'Ez a megjegyzés elhiteti a társadalommal és a nőkkel, hogy nem lehet véleményük, vagy nem lehetnek határozottak. Az erős női vezetők ilyen módon történő leírása azt a hiedelmet állandósítja, hogy a nőknek alárendeltnek kell lenniük, vagy hogy nem kerülhetnek hatalmi pozícióba. A férfiakat gyakran dicsérik azért, mert magabiztosak és vezető szerepet vállalnak, ugyanakkor a nőktől azt várják el, hogy szimpatikusak, közkedveltek és alkalmazkodóak legyenek. A \"főnökösködő\" címke a nők ambícióinak eltiprására szolgál. Ez leértékeli a perspektíváikat.\r\n',	'2022-04-01 00:00:00',	NULL),
('apad-kenyszeritett-hogy-hidzsabot-viselj',	'Az apád kényszerített, hogy hidzsábot viselj?',	'Ez a kérdés iszlamofób. Arra a sztereotípiára épül, hogy a muszlim nők nem vagy alig tudnak döntéseket hozni magukról. Az ilyen feltételezések károsak, azt sugallhatják, hogy a muszlim nők nem önként gyakorolják a hitüket. Gyakran használják arra, hogy azt sugallják, hogy valami baj van a muszlim hittel, különösen a női hívők esetében.',	'2022-04-01 00:00:00',	NULL),
('arrete-nous-avons-tous-un-peu-de-handicap',	'Arrête, nous avons tous un peu de handicap.',	'Ce commentaire peut indiquer à une personne que ses pensées et ses sentiments ne sont \"pas si graves\" ou qu\'il s\'agit d\'une réaction excessive. Il peut minimiser les difficultés d\'une personne et la rendre moins encline à en parler ou à chercher du soutien. C\'est ce qu\'on appelle le déni de l\'expérience du handicap.',	'2022-04-03 00:00:00',	NULL),
('attribution-de-l-intelligence',	'Attribution de l\'intelligence',	'Attribuer une intelligence à une personne sur la base de sa race.',	'2022-04-03 00:00:00',	NULL),
('az-eselyegyenloseg-miatt-vettek-fel-teged',	'Az esélyegyenlőség miatt vettek fel téged?',	'Ez a kérdés arra utal, hogy az illetőt nem érdemei, tehetsége vagy képességei alapján választották ki egy pozícióra. Ez azt jelenti, hogy egy személyt kizárólag a személyes identitással kapcsolatos jellemzők alapján vettek fel. Ez a kérdés leértékeli a személy érdemeit. Azt sugallja, hogy más, a munkateljesítménytől független személyes jellemzők az egyedüli okai a pozíció elérésének. Ez a kérdés helytelen. Elszigetelheti az embereket identitásuk jellemzői alapján.',	'2022-04-01 00:00:00',	NULL),
('azonos-nemu-parok-csak-baratok',	'Feltételezés, hogy az azonos nemű párok csak barátok',	'Ez a feltételezés általában nyilvános helyeken (pl. éttermek, nyílt napok, társasági események stb.) történik. Ez a heteroszexuális nézeten alapul, hogy mi a normális (azaz heteronormatív). Ez a nézet azt a meggyőződést állandósítja, hogy a heteroszexuális kapcsolatok jelentik a normát. Ezért az azonos nemű párokat barátoknak, testvéreknek stb. tekintik. Ezek a helyzetek az azonos nemű párokat kényelmetlenül érezhetik magukat. Azt is érzékelhetik a megkülönböztetett párok, hogy érvénytelenítik őket.',	'2022-04-01 00:00:00',	NULL),
('biszex-vagy-ez-szexi',	'Biszex vagy? Ez szexi.',	'Ez a kijelentés a biszexualitást fétissé teszi, aláássa azt, hogy mit is jelent biszexuálisnak lenni. A heteroszexuális emberek számára őket a szórakozás tárgyává teszi. Ez a megjegyzés gyakran irányul a magukat biszexuálisnak valló nőkre. Megerősíti azt a hiedelmet, hogy a LMBT+ közösség tagjai mindig csak a szexet keresik.',	'2022-04-01 00:00:00',	NULL),
('biztosan-menstrual',	'Biztosan menstruál.',	'Ez a megjegyzés megerősíti azt a sztereotípiát, hogy a nők irracionálisak és érzelmesek. Ezt gyakran a menstruációs ciklusuknak tulajdonítják. Ez a megjegyzés azt üzeni a társadalomnak, hogy a nők képtelenek uralkodni az érzelmeiken. Azt jelzi, hogy a nők hormonjai befolyásolják döntéseiket és reakcióikat. Elhiteti a nőkkel, hogy nem lehet véleményük és érzéseik. Sokan ezt arra használhatják, hogy lekicsinyeljék vagy érvénytelenítsék a nők nézőpontját. Csökkentheti a nők lehetőségét, hogy érvényesülhessenek. Ezt arra is fel lehet használni, hogy a vezetői pozíciókat visszatartsák a nőktől.',	'2022-04-01 00:00:00',	NULL),
('borszinvaksag',	'Bőrszínvakság',	'A faji hovatartozás elismerésének elutasítása. Ez a rendszerszintű rasszizmus hatásának és a faji alapon tapasztalt negatív bánásmódnak a figyelmen kívül hagyásához vezet.',	'2022-04-01 00:00:00',	NULL),
('c-est-qui-l-homme-dans-la-relation',	'C\'est qui l\'homme dans la relation ?',	'Cette question est ancrée dans les stéréotypes de genre. Elle part du principe que toutes les relations doivent suivre les rôles traditionnels des hommes et des femmes. Ces rôles sont catégorisés par une personne \"masculine\" et une personne \"féminine\". Ils découlent de la croyance que les couples hétérosexuels sont la norme. Il suggère qu\'une personne doit remplir un rôle masculin et une autre un rôle féminin pour qu\'une relation fonctionne. Elle ignore le fait que les gens peuvent posséder des traits féminins et masculins, quel que soit leur sexe biologique ou leur identité de genre.',	'2022-04-03 19:41:22',	NULL),
('comment-ca-tu-veux-pas-d-enfants',	'Comment ça tu veux pas d\'enfants ?',	'Ce commentaire s\'adresse le plus souvent aux femmes et prend racine dans la croyance que toutes les femmes devraient devenir mères. Il suggère qu\'il y a quelque chose de mal à ne pas avoir d\'enfant. Il peut également indiquer aux femmes qu\'elles sont égoïstes ou qu\'elles ne peuvent pas vivre une vie épanouie sans enfants. Elle suppose qu\'il n\'y a pas d\'obstacles physiques, financiers ou autres à avoir ou à élever des enfants. Cela peut provoquer de l\'anxiété chez les jeunes femmes qui peuvent avoir l\'impression de faire quelque chose de mal. Elle peut également être source de honte pour les femmes plus âgées qui ont choisi de ne pas avoir d\'enfants ou qui ne peuvent pas en avoir pour diverses raisons.',	'2022-04-03 00:00:00',	NULL),
('confondre-les-collegues-racises-entre-eux',	'Confondre les collègues racisés entre eux.',	'Ce comportement perpétue l\'idée que toutes les personnes d\'un groupe racialisé particulier ont la même apparence et le même comportement. Il suggère qu\'il est impossible de les différencier. Il peut faire en sorte que les gens se sentent invisibles et insignifiants. Il peut également donner à quelqu\'un l\'impression qu\'il n\'a pas assez de valeur pour qu\'on se souvienne de lui.',	'2022-04-03 00:00:00',	NULL),
('controle-de-la-tonalite',	'Contrôle de la tonalité',	'Au lieu d\'écouter le point de vue important d\'une personne, cet acte se concentre sur son émotion. Il est utilisé pour détourner la conversation de ce que dit la personne. Il se concentre sur la façon dont la personne s\'exprime, dévalorisant ainsi ses commentaires. Il est souvent utilisé contre les femmes noires pour leur dire de se calmer ou d\'adopter une approche plus légère lorsqu\'elles partagent leur point de vue. Elle est liée à la micro-agression qui consiste à supposer que les femmes noires en particulier sont agressives et émotives.',	'2022-04-03 00:00:00',	NULL),
('corriger-la-grammaire-de-qqn-pour-le-rabaisser',	'Corriger la grammaire de quelqu\'un pour le rabaisser ou lui faire honte.',	'Ce comportement est une forme d\'humiliation qui met en évidence les différences d\'éducation et de statut social entre les personnes. Il est généralement basé sur la langue française. On le voit souvent sur les médias sociaux, où une personne commente la grammaire d\'une autre pour que les gens la considèrent comme n\'étant pas assez intelligente. Il renforce la croyance que pour avoir de la valeur, il faut avoir un niveau d\'éducation élevé. Elle ne tient pas compte de l\'expérience de vie ou de la langue maternelle. Elle peut faire en sorte que la personne qui parle se sente honteuse et n\'ait plus confiance en elle pour s\'exprimer. Cette micro-agression peut être utilisée pour diminuer ou déprécier le discours ou le dialecte d\'une personne et, en fin de compte, pour défendre les manières occidentales et françaises de parler.',	'2022-04-03 00:00:00',	NULL),
('criminalite-presumee',	'Criminalité présumée',	'Supposer qu\'une personne est dangereuse ou criminelle. Cette supposition est souvent fondée sur sa race et les stéréotypes raciaux qui y sont associés.',	'2022-04-03 00:00:00',	NULL),
('critiquer-qqn-qui-fait-passer-sa-sante-mentale-en-premier',	'Critiquer quelqu\'un qui fait passer sa santé mentale en premier.',	'Ce courant de pensée entretient la croyance que la santé mentale est une chose dont il faut avoir honte et un signe de faiblesse. Elle peut dissuader les gens d\'avoir la confiance nécessaire pour partager leurs difficultés et demander de l\'aide. Elle donne l\'impression que les problèmes de santé mentale sont anormaux ou incorrects, et les gens peuvent se sentir honteux ou jugés. Lorsque la société croit que les problèmes de santé mentale sont un signe de faiblesse, cela signifie que d\'autres personnes, gouvernements et systèmes sont moins susceptibles de soutenir ceux qui en ont besoin. Il peut sembler impossible de considérer la santé mentale comme un problème de santé.',	'2022-04-03 00:00:00',	NULL),
('croire-que-les-personnes-racialisees-ne-sont-pas-qualifies-pour-un-role',	'Croire que les personnes racialisées ne sont pas assez qualifiées pour un rôle.',	'Ce raisonnement découle de la croyance implicite que les Blancs sont plus compétents et plus capables que les personnes racialisées. Ce préjugé est renforcé dans les films et à la télévision, où les dirigeants/patrons sont généralement des hommes blancs. Cela a pour effet d\'exclure les personnes racialisées des rôles de direction. Cela limite leurs chances d\'avoir des opportunités de prise de décision. Il touche particulièrement les femmes racisées qui sont victimes de racisme et de misogynie. Elle peut pousser les gens à abandonner leur carrière en raison des obstacles qu\'ils rencontrent. Il peut envoyer le message aux jeunes racialisés que leurs objectifs ne sont pas réalistes ou réalisables.',	'2022-04-03 00:00:00',	NULL),
('csak-a-ferfiaknak-adni-elismerest-egy-no-munkajaert',	'Csak férfiaknak adni elismerést egy nő munkájáért vagy ötleteiért.',	'Ha egy ötletért vagy munkáért csak férfiak kapnak elismerést, az azt a hiedelmet erősíti, hogy a férfiak okosabbak és rátermettebbek, mint a nők, és így méltóbbak a vezetői szerepekre. Ez akkor fordulhat elő, ha a férfi veszi át a munkáért járó elismerést, vagy a főnök rossz munkatársnak ad elismerést (vagy csoportmunkában csak a férfinak ad elismerést). A nőktől elvárható, hogy csendben és udvariasan viselkedjenek, és ne javítsák ki a problémát, mert félnek attól, hogy \"nehéz esetnek\" tartják őket. Ez leértékelheti a nők hozzájárulását, és azt eredményezheti, hogy a munkahely többi munkatársa nem látja vagy nem ismeri el a nők teljesítményét, akikkel együtt dolgoznak. Ez negatívan befolyásolhatja a karrierépítést. Tekintettel arra, hogy a munkahelyen sok előléptetés és fizetésemelés a nagyobb feladatok és projektek sikeres elvégzésén múlik, ha a nőket nem ismerik el az említett projektek vezetőjeként vagy ötletgazdájaként vagy aktív csapattagjaként, az akadályozhatja a karrierépítést.',	'2022-04-01 00:00:00',	NULL),
('csak-lepj-tul-rajta',	'Csak lépj túl rajta.',	'Ez a megjegyzés abban a meggyőződésben gyökerezik, hogy a mentális egészséget kizárólag az adott személy határozza meg, nem pedig az agyi kémia, a történelem vagy az élettapasztalat. A férfiak gyakran tapasztalják ezt a megjegyzést, mivel elvárják tőlük, hogy \"kemények\" és \"erősek\" legyenek, és ne mutassanak ki semmilyen érzelmet. Ha azonban ezt mondják valakinek, az azt jelzi számukra, hogy az emberek nem hiszik el, hogy a küzdelmük elég rossz ahhoz, hogy valódi legyen. Ez nyomást gyakorolhat valakire, hogy \"rendben\" legyen, és ne mutassa a \"gyengeség\" jelét. Ez arra késztetheti az illetőt, hogy bezárkózzon és csendben szenvedjen, félve, hogy hogyan fogják megítélni. Fontos emlékezni arra, hogy a mentális egészséggel kapcsolatos küzdelmek nem olyan dolgok, amelyeket egyedül tudunk irányítani.',	'2022-04-01 00:00:00',	NULL),
('csak-ne-nyomulj-ram-kerlek',	'Csak ne nyomulj rám, kérlek.',	'Ez a mondat azt sugallja, hogy aki meleg, az automatikusan vonzódik az azonos neműekhez. Azt sugallja, hogy a melegeknek nincsenek más normáik vagy elvárásaik a partner kiválasztásakor. Megerősíti azt a hiedelmet, hogy a LMBT+ közösség tagjai mindig csak a szexet keresik. A fenti mondat rendkívül bántó lehet.',	'2022-04-01 00:00:00',	NULL),
('csak-segelyen-kepes-elni',	'Csak segélyen képes élni.',	'Ezt a kijelentést a gazdasági támogatásban részesülő emberekre mondják. Lealacsonyítja az illető anyagi helyzetét. Figyelmen kívül hagyja azokat az problémákat, amelyek megakadályozzák őket abban, hogy gazdasági jólétre tegyenek szert, és amelyek miatt segítségért kell folyamodniuk. Ezek az akadályok közé tartoznak a rendszerszintű problémák.',	'2022-04-01 00:00:00',	NULL),
('de-te-olyan-normalisnak-tunsz',	'De te olyan normálisnak tűnsz.',	'Ezt a kifejezést jellemzően láthatatlan és/vagy epizodikus fogyatékossággal élő személyek esetében használják. Több okból is problémás: egyrészt fenntartja azt a felfogást, hogy fogyatékossággal élni abnormális. Azt is meghatározza, hogy mi számít fogyatékosságnak; és azt sugallja, hogy ahhoz, hogy fogyatékossággal élőnek tekintsék, a fogyatékosságnak láthatónak és állandónak kell lennie.',	'2022-04-01 00:00:00',	NULL),
('demander-a-des-personnes-racisees-de-vous-enseigner-leur-langue-maternelle',	'Demander à des personnes racisées de vous enseigner leur langue maternelle.',	'Cette question suppose que la personne est née ailleurs et parle pas le français comme première langue. Comme le commentaire \"d\'où venez-vous vraiment\", elle sert à perpétuer la croyance qu\'une personne doit être blanche pour être française et que toute personne qui n\'est pas blanche doit venir d\'ailleurs. Elle prive les gens de la possibilité de naître et d\'être élevés au Canada et les étiquette comme des étrangers. Elle peut donner à la personne qui la subit le sentiment d\'être mal accueillie, d\'avoir honte de sa culture et de ne pas être à sa place.',	'2022-04-03 00:00:00',	NULL),
('demander-a-la-seule-femme-de-rediger-le-compte-rendu-de-la-reunion',	'Demander à la seule femme de rédiger le compte-rendu de la réunion.',	'Cet acte est ancré dans les stéréotypes de genre liés aux rôles attendus des femmes sur le lieu de travail. Demander à la seule femme présente dans la pièce de prendre des notes ou de rédiger le procès-verbal d\'une réunion perpétue l\'idée que les femmes jouent un rôle de soutien/administratif au bureau alors que les hommes sont des leaders. Cela peut créer un sentiment de manque de respect. Cela peut être condescendant pour la femme qui le reçoit, si elle n\'est pas dans son rôle.',	'2022-04-03 00:00:00',	NULL),
('demander-le-vrai-nom-ou-les-pronoms-preferes',	'Demander le \"vrai\" nom ou les pronoms \"préférés\".',	'Cette question suggère qu\'une personne ne considère pas le nom qu\'une personne transgenre a partagé avec elle comme un \"vrai\" nom. Elle ne tient pas compte de l\'identité d\'une personne transgenre et de qui/comment elle choisit de se présenter. Elle ne permet pas de faire la distinction entre le nom et l\'identité d\'une personne et son \"nom légal\". De même, l\'expression \"pronoms préférés\" minimise l\'identité d\'une personne et suggère qu\'il s\'agit d\'un choix arbitraire. L\'identité de genre n\'est pas une préférence. Il est important de demander les pronoms d\'une personne au lieu de les supposer, mais ne demandez jamais les pronoms \"préférés\".',	'2022-04-03 00:00:00',	NULL),
('donner-le-credit-seulement-aux-hommes-pour-le-travail-des-femmes',	'Donner le crédit seulement aux hommes pour le travail ou des idées d\'une femme.',	'Lorsque seuls les hommes sont crédités d\'une idée ou d\'un travail, cela perpétue la croyance selon laquelle les hommes sont plus intelligents et plus compétents que les femmes, et donc plus dignes des rôles de direction. Cela peut se produire lorsque l\'homme s\'attribue le mérite du travail ou qu\'un patron attribue le mérite au mauvais collègue (ou n\'attribue le mérite qu\'à l\'homme dans un travail de groupe). On peut attendre des femmes qu\'elles se taisent, qu\'elles soient polies et qu\'elles ne corrigent pas le problème de peur d\'être considérées comme \"difficiles\". Cela peut dévaloriser les contributions des femmes et amener le reste du personnel à ne pas voir ou reconnaître les réalisations des femmes avec lesquelles elles travaillent. Cela peut avoir un impact négatif sur l\'évolution de la carrière. Étant donné que de nombreuses promotions et augmentations sur le lieu de travail dépendent de la réussite de tâches et de projets importants, lorsque les femmes ne sont pas reconnues en tant que leader, génératrice d\'idées ou membre à part entière de l\'équipe de ces projets, cela peut constituer un obstacle à l\'évolution de leur carrière.',	'2022-04-03 00:00:00',	NULL),
('egy-adott-nepcsoport-akcentusanak-utanzasa',	'Egy adott népcsoport akcentusának utánzása.',	'Ez a viselkedés gyakran viccből történik. Káros, mert egy egész kultúrát gúnyol ki. Általában komédiákban, televíziós műsorokban és a popkultúrában jelenik meg. Kigúnyol és lekicsinyel egy csoportot, és azt üzeni nekik, hogy a társadalom műveletlennek vagy nemkívánatosnak tartja a kultúrájukat. A személyt öntudatlanná vagy nevetségessé teheti. Megerősíti azt a meggyőződést, hogy a magyarul beszélők jelentik a műveltség és az intellektus mércéjét. Azt sugallhatja, hogy az akcentus miatt valaki nem elég jó.',	'2022-04-01 00:00:00',	NULL),
('egy-megbeszelesen-csak-a-nok-felbeszakitasa',	'Egy megbeszélésen csak a nők félbeszakítása.',	'Ez a viselkedés azt a meggyőződést tükrözi, hogy a férfiak erősebbek és dominánsabbak a nőknél. Ez a meggyőződés teszi olyan könnyűvé a férfiak számára, hogy félbeszakítsák a nőket, különösen munkahelyi környezetben. Ez a nőkkel szemben támasztott nemi elvárásokból ered, miszerint a nőknek csendesebbnek és kevésbé határozottnak kell lenniük. A nők számára ezután nehézséget jelenthet, hogy felszólaljanak, mert a férfiak ilyen következetes viselkedése miatt kényelmetlenül érezhetik magukat, vagy nem valószínű, hogy közbe akarnak szólni.',	'2022-04-01 00:00:00',	NULL),
('egyaltalan-nem-tunsz-transznemunek',	'Egyáltalán nem tűnsz transzneműnek',	'Az ilyen típusú kijelentések azt sugallják, hogy minden transznemű ember egy bizonyos módon néz ki, mintha egy férfi megpróbálna nőnek, vagy egy nő megpróbálna férfinak látszani. Ez azt sugallja, hogy bárki, aki nem felel meg a cisznemű szépségnormáknak, az valahogy abnormális. Azt is sugallja, hogy a cisznemű emberek valahogyan alkalmasak arra, hogy megítéljék, ki \"transznemű\" és ki nem.',	'2022-04-01 00:00:00',	NULL),
('egzotikussag-fetisizalasa',	'Egzotikusság fetisizálása',	'Fétisként tekinteni arra, hogy valakinek szokatlan a kultúrája és a megjelenése. Az alanyt tárgyiasítja.',	'2022-04-01 00:00:00',	NULL),
('elever-la-voix-et-simplifier-le-langage-pour-les-personnes-agees',	'Élever la voix et simplifier le langage pour les personnes âgées.',	'Ce comportement implique qu\'une personne âgée n\'est pas compétente mentalement. Il peut également suggérer que toute erreur de communication est de sa faute. Ce type de comportement est également connu sous le nom de \"langage des aînés\". Modifier le discours pour le rendre plus \"facile\" à comprendre pour une personne âgée renforce les stéréotypes négatifs sur le vieillissement et les capacités. Il s\'agit notamment de modifier les schémas d\'élocution et de parler aux personnes âgées comme s\'il s\'agissait de bébés. Cela inclut également l\'utilisation de mots tels que \"cher\" ou \"chéri\", l\'utilisation d\'un ton de voix chantant ou des questions telles que \"comment ça va ? Un discours exagéré et trop simplifié peut souvent être plus déroutant. Lorsqu\'ils sont traités de cette manière, les gens peuvent commencer à perdre confiance en leurs capacités. Cela nuit à leur estime de soi et à leur valeur personnelle.',	'2022-04-03 00:00:00',	NULL),
('elle-doit-avoir-ses-regles',	'Elle doit avoir ses règles.',	'Ce commentaire renforce le stéréotype selon lequel les femmes sont irrationnelles et émotives. Cela est souvent imputé à leur cycle menstruel. Ce commentaire signale à la société que les femmes sont incapables de contrôler leurs émotions. Il indique que les hormones des femmes influencent leurs décisions et leurs réactions. Il peut amener les femmes à croire qu\'elles ne devraient pas avoir d\'opinions et de sentiments. De nombreuses personnes peuvent s\'en servir pour rabaisser ou invalider les points de vue des femmes et/ou dévaloriser leurs frustrations. Cela peut diminuer la capacité d\'une femme à affirmer sa voix. Il peut également être utilisé comme une raison pour refuser aux femmes des postes de direction.',	'2022-04-03 00:00:00',	NULL),
('elle-est-tellement-agressive',	'Elle est tellement agressive.',	'Ce commentaire est souvent adressé aux femmes noires (et à d\'autres femmes racisées). Il suggère que lorsqu\'elles sont confiantes et franches, elles sont agressives et menaçantes. Il les dévalorise et rejette leurs perspectives et leurs opinions. Cela peut avoir un impact négatif sur leur vie (emploi, relations, estime de soi, etc.). Ce stéréotype existe également dans les médias, où les femmes noires se voient attribuer le rôle du personnage fort et impertinent. Cela renforce les stéréotypes et les attitudes négatives à leur égard dans la société.',	'2022-04-03 00:00:00',	NULL),
('eviter-le-contact-visuel-avec-les-collegues-racises',	'Éviter le contact visuel avec les collègues racisés.',	'Ce comportement est si subtil qu\'il est difficile pour les deux parties de s\'en rendre compte. Une personne racialisée peut se sentir exclue, invisible et sans valeur. Cela peut la gêner au travail et affecter sa santé physique et mentale. La personne qui n\'établit pas de contact visuel ne se rend peut-être pas compte qu\'elle le fait, mais ce comportement est ancré dans le préjugé inconscient selon lequel les personnes racialisées sont inférieures.\n',	'2022-04-03 00:00:00',	NULL),
('ez-a-no-annyira-agressziv',	'Ez a nő annyira agresszív.',	'Ez a megjegyzés gyakran a fekete (vagy roma) nőkre vonatkozik. Azt sugallja, hogy amikor magabiztosak és szókimondóak, akkor agresszívak és fenyegetőek. Ez leértékeli őket, és elveti a nézőpontjukat és véleményüket. Ez negatívan befolyásolhatja az életüket (pl. munkahely, kapcsolatok, önértékelés stb.). Ez a sztereotípia a médiában is létezik, ahol a fekete vagy roma nők a hangos és pimasz karakterként vannak ábrázolva. Ez megerősíti a sztereotípiákat és a velük kapcsolatos negatív hozzáállást a társadalomban.',	'2022-04-01 00:00:00',	NULL),
('ez-annyira-buzis',	'Ez annyira buzis.',	'Ez a kifejezés a melegséget valami negatív vagy nemkívánatos dolog szinonimájaként tünteti fel. Ez sértő és a melegséggel kapcsolatos szégyenérzetet kelt. Ez megakadályozhatja az embereket abban, hogy úgy érezzék, nyíltan beszélhetnek a szexualitásukról.',	'2022-04-01 00:00:00',	NULL),
('ez-az-igazi-hajad',	'Ez az igazi hajad?',	'Ez a kérdés jellemzően a feketéknek, és különösen a fekete nőknek szól. Kiemeli a fekete embereket és a hajban lévő különbségeket, miközben azt sugallja, hogy a fekete emberek haja kívül esik a normán. Ez az elképzelés, hogy a fekete emberek haja \"más\", átterjed a munkahelyekre, ahol az öltözködési szabályok azt sugallják, hogy a fekete emberek haja nem professzionális. Ez a fekete embereket, különösen a fekete nőket szorongásra készteti azzal kapcsolatban, hogy hogyan viselik a hajukat, és hogy azt \"professzionálisnak\" fogják-e tartani. Ez azt is eredményezi, hogy nyomás alatt érzik magukat, hogy a fehér hajviseleti normákhoz igazodjanak.',	'2022-04-01 00:00:00',	NULL),
('faire-reference-a-une-personne-handicapee-en-disant-qu-elle-a-des-besoins-speciaux',	'Faire référence à une personne handicapée en disant qu\'elle a des besoins spéciaux.',	'Ce terme est irrespectueux car il efface une partie de l\'identité de la personne handicapée. Il les réduit à un état infantile. Dire qu\'une personne a des \"besoins spéciaux\", c\'est mettre l\'accent sur un service autour de cette personne plutôt que sur la personne elle-même.',	'2022-04-03 00:00:00',	NULL),
('feltetelezes-hogy-a-kisebbsegi-emberek-szegenyek-vagy-kevesbe-sikeresek',	'Feltételés, hogy a kisebbségi emberek szegények vagy kevésbé sikeresek.',	'Ez a feltételezés fenntartja azt a hiedelmet, hogy a kisebbségi emberek kisebb valószínűséggel lesznek sikeresek, mint a fehérek. A fehér embereket helyezi a társadalmi-gazdasági siker középpontjába. Ez a sztereotípia állandósítja a kisebbségi emberek sikerének rendszerszintű akadályait. Ez magában foglalja a munkahelyet is, ahol az egyének kisebb eséllyel válogathatók be álláspályázatra, előléptetésre stb.',	'2022-04-01 00:00:00',	NULL),
('feltetelezes-hogy-egy-idosebb-szemely-nem-ert-a-technologiahoz',	'Feltételezés, hogy egy idősebb személy nem ért a technológiához.',	'Az ilyen feltételezések azt sugallják, hogy az idősebb emberek nincsenek kapcsolatban a jelenlegi technológiával, trendekkel és a világgal. Ez különösen a munkahelyen lehet hatással az egyénekre. Az idősebb munkavállalókat kiemelhetik, mivel feltételezik, hogy csak a koruk miatt nem képesek kezelni a technológiát. Azt is feltételezik, hogy a fiatalabb munkavállalóknak nem lenne szükségük technológiai képzésre, mert vélt természetes hajlamuk van a technológiai ismeretek megszerzésére.\r\n',	'2022-04-01 00:00:00',	NULL),
('feltetelezes-hogy-egy-noi-kollega-gyakornok-vagy-diak',	'Feltételezés, hogy egy női kolléga gyakornok vagy diák.',	'Ez a feltételezés abból ered, hogy a nők (különösen a kisebbségi nők) nem olyan tehetségesek és tapasztaltak, mint a férfiak. A nőket azért utasíthatják el a munkahelyeken, mert az emberek nem hiszik el, hogy képesek lehetnek pozíciókat betölteni. Ez gyakran a munkahelyi nemi előítéleteken alapul. Ezek az előítéletek a magasabb beosztást a férfiassághoz kötik.',	'2022-04-01 00:00:00',	NULL),
('feltetelezes-hogy-minden-azsiai-ember-jo-matekbol',	'A feltételezés, hogy minden ázsiai ember jó matekból.',	'Ez a gondolkodásmód az ázsiai emberekkel kapcsolatos sztereotípiákon alapul. Figyelmen kívül hagyja egyéni identitásukat, képességeiket és tehetségüket. Az összes ázsiai ember összezsúfolása egy sokszínű és széles etnikai csoportot olvaszt egybe. Ez hatással lehet a kulturális identitásra, valamint az egyéb képességeik vagy tehetségük elfogadására. Ezt a \"modellkisebbség\" mítosz részének tekintik. A modellkisebbség az, amikor egy csoportról azt gondolják, hogy \"jobb\" vagy sikeresebb, mint más kisebbségi csoportok. Ezáltal a kisebbségek egymással versengenek. Ez növelheti a belsővé tett nyomást vagy szégyent, ha valaki úgy érzi, hogy nem érte el ezt a modellkisebbségi státuszt, annak ellenére, hogy felismerte, hogy ez problematikus.',	'2022-04-01 00:00:00',	NULL),
('feltetelezes-hogy-minden-fiatal-lusta-es-kivaltsagos',	'Feltételezés, hogy minden fiatal lusta és kiváltságos.',	'Ez a hozzáállás egy bizonyos korosztályba tartozó embereket egy kalap alá vesz, és elveti a kompetencia vagy a munkamorál minden lehetőségét az adott csoporton belül. Azt sugallja, hogy a fiataloknak se motivációjuk, se lendületük, és úgy állítja be őket, mint akik nem is hajlandóak részt venni a munkában. Elutasítja a fiatalok különböző hátterét és neveltetését, amely befolyásolhatja a munkára és a társadalomhoz való hozzájárulásra való képességüket vagy preferenciáikat. Nem nézi a világot a fiatalok szemszögéből sem, akiknek lehetőségeik vannak új iparágakban, változó munkastílusokkal, amelyeket mások esetleg \"nem igazi munkaként\" utasítanak el.',	'2022-04-01 00:00:00',	NULL),
('feltetelezes-hogy-minden-roma-ember-agressziv-fenyegeto',	'Feltételés, hogy minden roma ember agresszív/fenyegető.',	'Ez a gondolat a rasszizmusban gyökerezik. Dehumanizálja a roma embereket, és azzal indokolja a velük szembeni durva bánásmódot, hogy azt sugallja, fenyegetést jelentenek. Ezek a hiedelmek a civilek és a rendőrség igazságtalan profilalkotásához, valamint a romákkal szembeni fokozott erőszak alkalmazásához vezettek. Ez nemcsak valakinek az önértékelését sérti, hanem életveszélyes helyzeteket teremt a roma közösség számára.',	'2022-04-01 00:00:00',	NULL),
('feltetelezett-bunozes',	'Feltételezett bűnözés',	'Feltételezi, hogy egy személy veszélyes vagy bűnöző. Ez gyakran a faji hovatartozáson és a kapcsolódó faji sztereotípiákon alapul.',	'2022-04-01 00:00:00',	NULL),
('fogyatekossaggal-elo-szemely-specialis-igenyu',	'Egy fogyatékossággal élő személyt speciális igényűként emlegetni.',	'Ez a kifejezés tiszteletlen, mivel eltörli a fogyatékossággal élő személy identitásának egy részét. Gyermeki állapotba taszítja őket. Ha azt mondjuk, hogy valakinek \"speciális szükségletei\" vannak, akkor a hangsúlyt az adott személyt körülvevő szolgáltatásra helyezzük, nem pedig magára a személyre.',	'2022-04-01 00:00:00',	NULL),
('fr-exoticisat­ion',	'Exoticisat­ion',	'Suggérer qu\'une personne est inhabituelle en raison de sa culture et de son apparence. Cette façon de penser fétichise souvent les personnes et leurs caractéristiques. Elle transforme les êtres humains en objets et les fait se sentir \"différents\".',	'2022-04-03 00:00:00',	NULL),
('fr-gaslighting',	'Gaslighting',	'Une forme de manipulation utilisée pour amener quelqu\'un à remettre en question sa propre réalité et ses expériences. Il peut s\'agir par exemple de dire à une femme qui exprime son opinion qu\'elle doit avoir ses règles, de prétendre qu\'une rencontre raciste n\'a jamais eu lieu parce que vous avez des amis racisés, etc.',	'2022-04-03 00:00:00',	NULL),
('fr-mansplaining',	'Mansplaining',	'Lorsqu\'un homme commente ou explique quelque chose à une femme de manière condescendante. Il arrive souvent qu\'un homme explique un sujet dont la femme est experte ou qu\'elle connaît déjà. Cette attitude découle du préjugé implicite selon lequel les hommes ont naturellement plus d\'expertise que les femmes et que leur point de vue est plus valable.',	'2022-04-03 00:00:00',	NULL),
('fr-ok-boomer',	'OK, Boomer.',	'Ce slogan suppose que toutes les personnes de la génération des baby-boomers pensent, agissent et se comportent de la même manière et peuvent être classées comme telles. Si le terme \"Boomer\" est utilisé pour signifier une différence de génération, il est devenu un terme général pour désigner une personne plus âgée, fermée d\'esprit et résistante au changement. Il peut donner aux personnes âgées le sentiment d\'être rejetées ou humiliées. Les milléniaux et la génération Z l\'utilisent pour répondre à toute personne plus âgée qui tient des propos condescendants à l\'égard des jeunes - et des questions qui leur tiennent à cœur. On l\'utilise aussi parfois lorsqu\'une personne plus âgée a dit ou fait quelque chose qui semble \"démodé\". Cette personne âgée peut alors se sentir gênée et peu sûre d\'elle.',	'2022-04-03 00:00:00',	NULL),
('gyanakvas-a-kisebbsegi-emberek-sikereivel-szemben',	'Gyanakvás a kisebbségi emberek sikereivel szemben.',	'Ez a hiedelem aláássa a kisebbségi emberek sikerét. Ez egy nagyobb társadalmi előítéletből ered, amely szerint a kisebbségi hovatartozású egyének képtelenek a sikerre a fehérekhez képest. Így minden sikert gyanakvással fogadnak. Ez megakadályozhatja, hogy a kisebbségi egyéneket elismerjék, ünnepeljék vagy megbízzanak bennük. Ez hatással lehet az életükre (pl. munkahely, előléptetés, kapcsolatok stb.).',	'2022-04-01 00:00:00',	NULL),
('ha-nem-hiszel-istenben-miben-hiszel',	'Tehát, ha nem hiszel Istenben, akkor miben hiszel?',	'Ez a fajta kérdés abból az előítéletből ered, hogy a keresztény Istenben való hit a norma vagy a mérce. Azt sugallja, hogy ahhoz, hogy az emberek a társadalom pozitív tagjaivá váljanak, hinniük kell egy Istenben. Abból a felfogásból ered, hogy ha valaki nem hisz Istenben, akkor kevésbé erkölcsös vagy \"jó\". Azt is sugallhatja, hogy az Istenre összpontosító hitek felsőbbrendűek másoknál.',	'2022-04-01 00:00:00',	NULL),
('hangero-emelese-nyelvezet-egyszerusitese-idosek-szamara',	'A hangerő emelése és a nyelvezet egyszerűsítése az idősek számára.',	'Ez a viselkedés azt sugallja, hogy az idős ember szellemileg nem kompetens, valamint hogy minden félreértés az ő hibája. A beszéd megváltoztatása azért, hogy az idősebb ember \"könnyebben\" megértse a mondandót, megerősíti az öregedéssel és a képességekkel kapcsolatos negatív sztereotípiákat. Ez magában foglalja a beszédmód megváltoztatását és azt, hogy úgy beszélnek az idős emberekkel, mintha csecsemők lennének. Ide tartozik az is, hogy olyan szavakat használnak, mint \"kedves\" vagy \"édesem\"; vagy dallamosabb hangnemet használnak, vagy olyanokat kérdeznek, mint \"hogy vagyunk?\". Ezzel az idősebb emberek elkezdhetik elveszíteni a képességeikbe vetett bizalmukat, ez pedig árt az önbecsülésüknek és az önértékelésüknek.',	'2022-04-01 00:00:00',	NULL),
('hangnem-kontroll',	'Hangnem-kontroll',	'Ahelyett, hogy meghallgatnánk valakinek a nézőpontját, ez a cselekedet az érzelmekre összpontosít. Arra használják, hogy eltereljék a beszélgetést arról, amit az illető mond. Ehelyett a személy előadásmódjára összpontosít, végső soron leértékelve a megjegyzéseit. Ezt gyakran használják a roma/fekete nőkkel szemben, hogy azt mondják nekik, hogy nyugodjanak meg, vagy hogy könnyedebben közelítsék meg a nézőpontjukat. Ez ahhoz a mikroagresszióhoz kapcsolódik, amely azt feltételezi, hogy különösen a roma/fekete nők agresszívek és érzelmesek.',	'2022-04-01 00:00:00',	NULL),
('hazassagotok-erdekbol-lesz',	'Szóval, a házasságotok érdekből lesz?',	'Ez a kérdésfeltevés gyakran irányul a muszlim és különböző etnikai hátterű nőkre. Azt feltételezi, hogy nincs választási szabadságuk. Azt is feltételezi, hogy hiányzik belőlük a cselekvőképesség. Ez téves elképzelésekhez vezethet a nőkkel való bánásmódról más közösségekben és más vallásokon belül. Ez például az iszlámellenesség növekedéséhez vezethet. Azt is eredményezheti, hogy a fogadó fél meg nem értettnek vagy másnak érzi magát.',	'2022-04-01 00:00:00',	NULL),
('hogyhogy-nem-akarsz-gyereket',	'Hogyhogy nem akarsz gyereket?',	'Ez a megjegyzés leggyakrabban a nők felé irányul, és abban a meggyőződésben gyökerezik, hogy minden nőnek anyává kell válnia. Azt sugallja, hogy valami baj van azzal, ha valaki gyermektelen. Azt is jelezheti a nőknek, hogy önzőek, vagy hogy nem tudnak teljes életet élni gyerekek nélkül. Feltételezi, hogy nincsenek fizikai, pénzügyi vagy egyéb akadályai a gyermekvállalásnak vagy -nevelésnek. Ez szorongást okozhat a fiatalabb nőkben, akik úgy érezhetik, hogy valamit rosszul csinálnak. Szégyent okozhat az idősebb nőkben is, akik úgy döntöttek, hogy nem vállalnak gyermeket, vagy különböző okok miatt nem lehet gyerekük.',	'2022-04-01 00:00:00',	NULL),
('hogyhogy-nem-vagy-meg-hazas',	'Hogyhogy nem vagy még házas?',	'Az ilyen típusú kérdések azt feltételezik, hogy a házasságnak az egyén céljának kell lennie, és érvényteleníthetik az esetlegesen meglévő kapcsolatait. Bár úgy tűnik, hogy a nők kapják ezt a megjegyzést a legtöbbször idegenektől, barátoktól és családtagoktól egyaránt, ezt minden nemű ember tapasztalja. Az ilyen kérdések nyomást gyakorolnak az illetőre, és azt sugallják, hogy valami baj van vele, amiért nem házas. Ez elbagatellizálhatja az életük döntéseit, és megpróbálja őket megfeleltetni a társadalmi elvárásoknak, hogy hogyan kellene élniük az életüket.',	'2022-04-01 00:00:00',	NULL),
('homogenisation',	'Homogenisation',	'Traiter toutes les personnes d\'un groupe racial ou ethnique comme si elles étaient identiques.',	'2022-04-03 00:00:00',	NULL),
('homogenizacio',	'Homogenizáció',	'Minden, egy faji vagy etnikai csoporthoz tartozó emberrel úgy bánni, mintha mind egyformák lennének.',	'2022-04-01 00:00:00',	NULL),
('honnan-szarmazol-valojaban',	'Honnan származol valójában?',	'Ez a kérdésfeltevés feltételezi, hogy a kisebbségi személy nem itt született. Ez azt kommunikálhatja feléjük, hogy nem tartoznak ide. Gyakran kérdezik ezt alkalmi beszélgetés közben, amikor csevegni próbálnak. Ugyanakkor azt a mögöttes feltételezést fejezi ki, hogy a \"fehér\" az ország polgáraira vonatkozó alapértelmezett/normális, és aki nem fehér, annak máshonnan kell származnia.',	'2022-04-01 00:00:00',	NULL),
('hu-de-jol-beszelsz-magyarul',	'Hű, de jól beszélsz magyarul.',	'Ezt a megjegyzést gyakran bóknak szánják, azonban abból a sztereotípiából vagy megítélésből fakad, hogy a kisebbségi emberek anyanyelve nem a magyar vagy nem beszélnek jól magyarul. Az ilyen megjegyzések gyakran együtt járnak más hasonló megjegyzésekkel, mint például a \"honnan jöttél valójában\". Az ilyen megjegyzések hatására a kisebbségi személy úgy érezheti, hogy nem tartozik ide, vagy kívülállónak érzi magát.',	'2022-04-01 00:00:00',	NULL),
('hu-remekul-nezel-ki-a-korodhoz-kepest',	'Hű, remekül nézel ki a korodhoz képest.',	'Ezt lehet bókként is mondani, de arra utal, hogy az illető nem néz ki olyan jól, mintha fiatalabb lenne, és arra is, hogy az emberek külseje a kor előrehaladtával romlik. Azon a meggyőződésen alapul, hogy az ember minél idősebb lesz, várhatóan annál gyengébb vagy kevésbé lesz vonzó. Azt is kommunikálhatja, hogy az idősebb emberektől nem várható el, hogy egészséges, erős és független életet éljenek.\r\n',	'2022-04-01 00:00:00',	NULL),
('idosek-nyelven-valo-beszeles',	'Idősek nyelvén való beszélés',	'A fiatalok egy bizonyos módon beszélnek az idősebbekkel. Egyszerűbb szókincset használnak, lassú beszédet és eltúlzott becéző kifejezéseket. Abból a negatív meggyőződésből ered, hogy az idősebbeknek nincs meg a szellemi kapacitása ahhoz, hogy megértsenek másokat.',	'2022-04-01 00:00:00',	NULL),
('il-est-trop-difficile-a-prononcer-ton-nom',	'Il est trop difficile à prononcer ton nom.',	'Ce commentaire renforce les noms centrés sur l\'Occident comme étant la norme et peut communiquer à une personne qu\'elle est un étranger. Les noms sont des éléments essentiels de l\'identité d\'une personne. Refuser de prononcer correctement son nom dévalorise et rejette son identité et est un signe de manque de respect. Demander un nom \"plus facile\" (souvent synonyme d\'une alternative \"occidentale\") renforce encore ce manque de respect et d\'effort, et maintient les noms occidentaux comme la norme.',	'2022-04-03 00:00:00',	NULL),
('ils-font-juste-l-aumone',	'Ils font juste l\'aumône.',	'Cette déclaration est faite à propos des personnes qui reçoivent une aide économique. Elle déprécie la situation financière d\'une personne. Elle ignore les obstacles qui les empêchent d\'accéder à la richesse économique et les obligent à demander de l\'aide. Ces obstacles incluent les obstacles systémiques.',	'2022-04-03 00:00:00',	NULL),
('ils-sont-fous',	'Ils sont fous.',	'Cette déclaration stigmatise la maladie mentale. Elle peut suggérer que la maladie mentale est une chose ouvertement négative. Cette phrase peut être dévalorisante pour la santé mentale et/ou les handicaps des gens. Elle peut perpétuer la marginalisation. De plus, elle est souvent utilisée comme un moyen de rabaisser et de dévaloriser les préoccupations et les expériences des femmes.',	'2022-04-03 00:00:00',	NULL),
('imiter-l-accent-d-une-culture',	'Imiter l\'accent d\'une culture.',	'Ce comportement est souvent adopté pour plaisanter. Il est nuisible car il se moque de toute une culture. Il apparaît généralement dans les routines comiques, les émissions de télévision et la culture pop. Il se moque et rabaisse un groupe et lui dit que la société pense que sa culture n\'est pas éduquée, n\'est pas sophistiquée ou n\'est pas souhaitable. Elle peut donner à une personne le sentiment d\'être gênée ou ridiculisée. Il renforce la croyance que les anglophones occidentaux sont la norme en matière d\'éducation et d\'intelligence. Il peut suggérer que le fait d\'avoir un accent fait que quelqu\'un n\'est pas assez bon.',	'2022-04-03 00:00:00',	NULL),
('inspiracio-porno',	'Inspiráció Pornó',	'A fogyatékossággal élő személyt a fogyatékosságára redukálja. Figyelmen kívül hagyja az élettapasztalatukat és azt, hogy kik ők a fogyatékosságukon kívül. Azt üzeni a világnak, hogy csak azért léteznek, hogy az ép emberek jól érezzék magukat. Azt az érzést keltheti a fogyatékkal élő emberben, hogy nem elég jó, ha nem ért el valamit. A fogyatékosságot is úgy mutatja be, mint valami mindig negatív dolgot, amit le kell győzni.',	'2022-04-01 00:00:00',	NULL),
('interrompre-uniquement-les-femmes-dans-une-reunion',	'Interrompre uniquement les femmes dans une réunion.',	'Ce comportement reflète la croyance que les hommes sont plus puissants et dominants que les femmes. C\'est cette croyance qui fait qu\'il est si facile pour les hommes d\'interrompre les femmes, notamment dans le cadre du travail. Cela découle du fait que les femmes sont censées être plus calmes et moins affirmées que les hommes. Il peut alors être difficile pour les femmes de s\'exprimer car ce type de comportement constant de la part des hommes peut les mettre mal à l\'aise ou les dissuader d\'intervenir.',	'2022-04-03 00:00:00',	NULL),
('javaslat-hogy-ket-ember-randizzon-csak-mert-melegek',	'Javaslat, hogy két ember randizzon csak azért, mert mindketten melegek.',	'Ennek a viselkedésnek gyakran jó szándékai vannak. Abból a vágyból fakad, hogy valakit boldog kapcsolatban lássunk; azonban tudatlanságot tükröz. Ez dehumanizáló. Azt feltételezi, hogy a meleg embereknek nincsenek preferenciáik. Azt sugallja, hogy a melegek romantikus kapcsolatot kezdenek bárkivel csak azért, mert az is meleg.',	'2022-04-01 00:00:00',	NULL),
('je-n-arrive-pas-a-croire-que-tu-sois-mariee',	'Je n\'arrive pas à croire que tu sois mariée.',	'Ce commentaire peut indiquer à une personne qu\'elle est définie par son handicap. Il suggère que lorsque quelqu\'un le regarde, c\'est la seule chose qu\'il voit. Il peut laisser entendre qu\'une personne vivant avec un handicap ne mérite pas d\'être aimée et qu\'il est donc surprenant que quelqu\'un l\'ait épousée. Cela peut donner à une personne le sentiment d\'être un étranger ou un moins que rien. Cela renforce également une vision étroite de l\'amour et des relations.',	'2022-04-03 00:00:00',	NULL),
('je-ne-pourrais-jamais-abandonner-mon-bebe',	'Je ne sais pas comment vous avez fait. Je ne pourrais jamais abandonner mon bébé.',	'Ce commentaire fait honte à la personne qui a proposé son enfant à l\'adoption. Il peut faire croire que les parents et l\'enfant ont tort ou sont moralement douteux. Il ne tient pas compte de la variété des raisons pour lesquelles une personne peut envisager de faire adopter son enfant, et nie souvent les sentiments des parents à ce sujet. Elle peut faire en sorte que le parent ressente de la honte pour une décision difficile qu\'il a dû prendre.',	'2022-04-03 00:00:00',	NULL),
('je-peux-toucher-tes-cheveux',	'Je peux toucher tes cheveux ?',	'Cette question et l\'acte de toucher les cheveux d\'une personne noire sont fondés sur la présomption que les cheveux des personnes noires sont \"exotiques\" et hors des normes de beauté. Demander à toucher les cheveux d\'une personne noire est intrusif et perpétue la perception que les cheveux des Blancs sont la norme et que tout le reste est anormal. Il est envahissant de demander à une personne noire si vous pouvez toucher ses cheveux et encore plus offensant de supposer qu\'il est acceptable de toucher les cheveux d\'une personne sans son consentement.',	'2022-04-03 00:00:00',	NULL),
('je-suis-pas-raciste-j-ai-des-amis-racises',	'Je ne suis pas raciste. J\'ai des amis racisés.',	'Ce commentaire peut exploiter les amitiés qu\'une personne peut avoir. Il utilise la symbolique pour tenter de pardonner un acte répréhensible. Il peut forcer une personne racisée à penser qu\'elle doit soutenir des attitudes racistes. Il implique qu\'une amitié permet à une autre personne d\'être impolie ou dédaigneuse. Cela suggère que la personne qui fait le commentaire est insensible aux problèmes auxquels son ami est confronté. Cela peut également montrer un manque de sensibilisation aux questions raciales. Être ami avec quelqu\'un ne signifie pas que cette personne ne perpétue jamais de comportements racistes, que ce soit intentionnel ou non.',	'2022-04-03 00:00:00',	NULL),
('je-vois-pas-de-couleur',	'Je ne vois pas de couleur.',	'Cet état d\'esprit ignore l\'identité et l\'expérience d\'un groupe racialisé. Refuser de voir la couleur signale un refus de reconnaître une partie de l\'identité d\'une personne. Cela peut également montrer une réticence à travailler pour mieux respecter et comprendre les personnes d\'un groupe différent. Dire \"Je ne vois pas la couleur\" est souvent utilisé comme une façon de dire \"Je pense que nous sommes tous des humains et que nous sommes tous égaux\", mais si tous les gens devraient être égaux, ce n\'est pas le cas des groupes racialisés. Il est important de voir la couleur, de reconnaître les expériences et les luttes, et d\'œuvrer pour une véritable égalité.',	'2022-04-03 00:00:00',	NULL),
('judaizmus-olyan-mint-a-keresztenyseg',	'A judaizmus olyan, mint a kereszténység, csak Jézus nélkül, igaz?',	'Ez a hiedelem lekicsinyli a zsidó hit gazdag történelmét, és megpróbálja azt egy másik vallás normáiba illeszteni. Nem ismeri el a zsidóság függetlenségét és egyediségét. Azt is jelezheti, hogy a kereszténység a \"norma\" vagy a mérce.',	'2022-04-01 00:00:00',	NULL),
('juste-ne-me-drague-pas-s-il-te-plait',	'Juste ne me drague pas, s\'il te plaît.',	'Cette phrase suggère qu\'une personne homosexuelle sera automatiquement attirée par toute personne du même sexe. Elle implique que les personnes homosexuelles n\'ont pas d\'autres critères ou préférences pour choisir un partenaire. Elle renforce la croyance que les membres de la communauté LGBTQ+ sont excessivement sexuels. Cette réponse peut être extrêmement blessante. Elle peut donner à une personne le sentiment d\'être jugée et embarrassée.',	'2022-04-03 00:00:00',	NULL),
('kicsit-fiatal-vagy-meg-ahhoz-hogy-ezt-a-projektet-vezesd',	'Kicsit fiatal vagy még ahhoz, hogy ezt a projektet vezesd.',	'Ez az üzenet elveti a fiatalabbak tapasztalatát és képességeit. Ez a koruk vagy korcsoportjuk megítélésén alapul, nem pedig személyes érdemeiken. Ez lekicsinyelheti egy fiatalabb személy képességeit, vagy annak lehetőségét, hogy mások hajlandóak lennének elfogadni őt, mint hozzáértő vagy képzett vezetőt. Ez egy olyan körforgást hozhat létre, amelyben a fiatalabbakat nem tekintik alkalmasnak, és soha nem képesek kiemelkedő pozíciót betölteni. Ez a kiközösítés érzéséhez is vezethet, mivel az illető úgy érezheti, hogy nem illik be a társaihoz vagy munkatársaihoz, vagy hogy az őt ilyen módon kezelő csoport kultúrája nem értékel senkit, aki más tapasztalatokkal vagy háttérrel rendelkezik.',	'2022-04-01 00:00:00',	NULL),
('kiraly-te-vagy-az-elso-transz-baratom',	'Király! Te vagy az első transz barátom.',	'Ez a kijelentés azt sugallja, hogy kizárólag a transzneműsége alapján határozzák meg a másik személyiségét.',	'2022-04-01 00:00:00',	NULL),
('kisebbsegi-emberek-nem-eleg-kepzettek-egy-feladathoz',	'Azt hinni, hogy a kisebbségi emberek nem elég képzettek egy feladathoz.',	'Ez a gondolkodásmód abból a hallgatólagos meggyőződésből ered, hogy a fehér emberek hozzáértőbbek és alkalmasabbak, mint a kisebbségiek. Ezt az előítéletet erősíti a film és a televízió, ahol a vezetők, valamint a főnökök jellemzően fehér férfiak. Ez megnehezíti a kisebbségi emberek vezetői szerepekhez jutását. Korlátozza az esélyeiket a döntéshozatali lehetőségeknél. Különösen a kisebbségi nőket érinti, akik gyakran rasszizmust és nőgyűlöletet tapasztalnak. Azt az üzenetet küldheti a kisebbségi fiataloknak, hogy céljaik nem reálisak vagy elérhetőek.',	'2022-04-01 00:00:00',	NULL),
('kritizalas-mentalis-egeszseg-eloterbe-helyezeseert',	'Kritizálni valakit azért, mert a mentális egészségét helyezi előtérbe.',	'Ez a gondolatmenet fenntartja azt a meggyőződést, hogy a mentális egészséget szégyellni kell, és a gyengeség jele. Ez visszatarthatja az embereket attól, hogy megosszák a problémáikat vagy segítséget kérjenek. A mentális egészséggel kapcsolatos küzdelmek abnormálisnak vagy helytelennek tűnnek, és az emberek szégyenkezve vagy elítélve érezhetik magukat. Ha a társadalom úgy véli, hogy a mentális egészséggel kapcsolatos küzdelmek a gyengeség jelei, az azt jelenti, hogy más egyének, kormányok és rendszerek kevésbé támogatják azokat, akiknek erre szükségük van. Ez lehetetlenné teheti, hogy a mentális egészségre egészségügyi problémaként tekintsünk.',	'2022-04-01 00:00:00',	NULL),
('la-couleur-rose-est-que-pour-les-filles',	'La couleur rose est que pour les filles.',	'C\'est un commentaire que les jeunes garçons reçoivent de leurs camarades, d\'étrangers et parfois même de membres de leur famille s\'ils montrent un intérêt pour la couleur rose. La société a une longue histoire d\'attribution de genre aux couleurs. Cela commence souvent avant même la naissance d\'un enfant, lorsque les amis et la famille commencent à acheter des jouets et des vêtements de couleurs particulières, en fonction des perceptions de ce qui doit être joué, porté, etc. par les différents sexes. Non seulement cette façon de faire limite notre définition du genre, mais elle oblige les enfants et les adultes à entrer dans des moules étroits de ce qui est acceptable. Elle dit aux garçons que c\'est mal d\'aimer le rose parce que cela les rend \"plus féminins\". Les garçons qui montrent une préférence pour cette couleur peuvent se sentir gênés, ridiculisés ou avoir l\'impression que quelque chose ne va pas dans ce qu\'ils aiment.',	'2022-04-03 00:00:00',	NULL),
('la-facon-dont-tu-as-surmonte-votre-handicap-est-tres-inspirante',	'La façon dont tu as surmonté votre handicap est très inspirante.',	'Ce commentaire implique que l\'on attend peu des personnes handicapées. Il suggère à tort que tout peut être surmonté si une personne fait suffisamment d\'efforts. Il implique en outre que les handicaps sont quelque chose à surmonter ou que les gens doivent s\'efforcer de les surmonter. Elle ne reconnaît pas les barrières mises en place par la société qui donnent des privilèges aux personnes non handicapées. Elle peut renforcer un monde où certaines personnes sont célébrées pour leur \"force\" tandis que d\'autres sont considérées comme \"plus faibles\".',	'2022-04-03 00:00:00',	NULL),
('le-judaisme-est-comme-le-christianisme-sans-jesus',	'Le judaïsme est comme le christianisme mais sans Jésus, non ?',	'Cette croyance diminue la richesse de l\'histoire et des pratiques de la foi juive. Elle tente de la faire entrer dans les normes d\'une autre religion. Elle ne reconnaît pas l\'indépendance et le caractère unique du judaïsme. Elle peut également indiquer que le christianisme est la \"norme\" ou le standard.',	'2022-04-03 00:00:00',	NULL),
('le-langage-des-aines',	'Le langage des aînés',	'Une certaine façon qu\'ont les jeunes de parler aux personnes plus âgées. Ils utilisent un vocabulaire simple, un débit lent et des termes d\'affection exagérés. Elle provient de la croyance négative selon laquelle les personnes âgées n\'ont pas la capacité mentale de comprendre les autres.',	'2022-04-03 00:00:00',	NULL),
('le-medecin-se-concentre-inutilement-sur-le-genre-ou-sexualite',	'Le médecin se concentre inutilement sur le genre/la sexualité.',	'Ce type de conversation ciblée par les prestataires de santé peut être très préjudiciable. Si un patient LGBTQ+ vient discuter de sa santé mentale ou physique, la conversation ne doit pas porter sur les modifications corporelles, les organes génitaux, l\'orientation sexuelle, l\'identité de genre, etc. Lorsqu\'un médecin ou un prestataire de soins le fait, le patient peut se sentir mal à l\'aise et se sentir interpellé. Il envoie le message que son médecin le considère différemment ou comme \"anormal\". Cela peut amener une personne à perdre confiance en son prestataire. Elle peut cesser de chercher de l\'aide si elle pense que les prestataires de soins de santé n\'ont pas son intérêt à cœur.',	'2022-04-03 00:00:00',	NULL),
('le-mythe-du-meritocratisme',	'Le mythe du méritocratisme',	'La croyance selon laquelle le travail est le seul élément nécessaire à la réussite d\'une personne. Elle affirme que la race, le sexe, le handicap, etc. d\'une personne n\'ont aucune incidence sur les possibilités qui lui sont offertes.',	'2022-04-03 00:00:00',	NULL),
('ledobbenni-ha-a-fogyatekkal-elo-szemely-valamit-kepes-megcsinalni',	'Ledöbbenni, ha a fogyatékkal élő személy valamit képess megcsinálni.',	'Ez a gondolkodásmód azt jelzi a fogyatékkal élőknek, hogy összességében kevésbé alkalmasak. Azt sugallja, hogy az illető megdöbbenve látja, hogy egy fogyatékkal élő személy olyasmit tesz, amit egy fogyatékkal nem rendelkező személy is megtett. Azt feltételezi, hogy nincs személyes szabadságuk, vagy hogy állandó gondoskodásra és segítségre van szükségük. A fogyatékossággal élő embereket szánalomra vagy lenézésre késztetheti.',	'2022-04-01 00:00:00',	NULL),
('legyel-ferfi',	'Legyél férfi.',	'Ezt a kifejezést arra használják, hogy azt mondják az embereknek (jellemzően férfiaknak és fiúknak), hogy keményedjenek meg és legyenek erősebbek. Leggyakrabban arra használják, hogy a férfiakat vagy fiúkat lebeszéljék az érzelmek kimutatásáról (például a sírásról). Ezzel azonban azt az üzenetet közvetíti, hogy az érzelmek kimutatása kifejezetten női tulajdonság. Ez fenntartja azokat a nemi sztereotípiákat, amelyek elriasztják a férfiakat az érzelmek kimutatásától, miközben a nők és a társadalom egésze számára azt sugallja, hogy a keménység a férfiak jellemzője. Ez káros sztereotípiákat és elvárásokat teremt arról, hogy mit jelent férfinak lenni. Ez a fajta mikroagresszió már fiatal korban megtanítja a fiúkat arra, hogy elrejtsék az érzelmeiket. Nemtől függetlenül minden embert arra kell bátorítani, hogy olyan módon fejezze ki az érzelmeit, ahogyan azt természetesnek érzi. Hasonlóképpen fel kell ismernünk, hogy a keménység nem azonos a férfiassággal, és hogy minden nemű ember lehet erős, magabiztos és \"kemény\" a maga módján.\r\n',	'2022-04-01 00:00:00',	NULL),
('les-garcons-resteront-des-garcons',	'Les garçons resteront des garçons.',	'Cette expression est utilisée pour excuser tous les comportements ou attitudes traditionnellement masculins des hommes et des garçons de tous âges. Elle est généralement utilisée pour rejeter un comportement turbulent ou vilain. Elle implique que les garçons ont peu de maîtrise de leurs actes. Cette expression favorise et perpétue les stéréotypes de genre. Elle suggère que les garçons sont censés agir d\'une certaine manière et que c\'est dans leur nature humaine. Elle suggère qu\'ils ne peuvent pas être responsables de leurs actes et des conséquences de ces actes. Elle suggère en outre que les garçons qui ne se conforment pas à cette idée de la masculinité sont anormaux. Cette phrase est parfois utilisée pour excuser des crimes graves comme les agressions sexuelles. Cette excuse ne rend pas les individus responsables de leurs actes. Elle suggère également que tous les hommes sont programmés pour agir de cette façon.',	'2022-04-03 00:00:00',	NULL),
('m-maman',	'M. Maman',	'Cette expression est souvent attribuée aux pères au foyer, aux pères célibataires ou aux ménages composés de pères homosexuels. Elle découle des valeurs culturelles traditionnelles et des normes de genre qui suggèrent que le foyer idéal est une famille nucléaire. Dans le cadre de ces valeurs, on estime que la femme/épouse doit être le parent qui reste à la maison avec les enfants et s\'occupe du ménage. Lorsqu\'un homme est vu en train d\'occuper ce rôle, il est considéré comme \"moins masculin\" ou \"plus comme une mère\". Cela perpétue la croyance que les hommes ne sont pas assez émotifs, nourriciers ou capables d\'élever des enfants. Elle renforce également l\'idée négative de \"devoirs sexués\". Ce type d\'étiquetage est ancré dans la masculinité toxique et ne tient pas compte de la diversité des rôles et des sexes au sein d\'une unité familiale. Ce message a également des répercussions négatives sur l\'évolution de la carrière des femmes. Dans de nombreux cas, les \"tâches sexuées\" obligent les femmes à faire un double travail. Elles ont la double tâche de travailler sur le lieu de travail tout en assumant la majorité des responsabilités à la maison. Lorsque les hommes sont ridiculisés parce qu\'ils font des travaux domestiques ou s\'occupent des enfants, et qu\'ils sont découragés d\'assumer ces responsabilités à la maison, cela perpétue la double tâche des femmes et indique que les hommes devraient être sur le lieu de travail, progresser dans leur carrière et assumer des rôles de direction.',	'2022-04-03 00:00:00',	NULL),
('mais-tu-as-l-air-si-normal-e',	'Mais tu as l\'air si normal.e.',	'Cette expression est généralement utilisée à l\'égard des personnes vivant avec des handicaps invisibles et/ou épisodiques. Elle est problématique pour de multiples raisons. Elle perpétue l\'idée que vivre avec un handicap est anormal. Elle dicte également ce qui constitue un handicap et implique que pour être considéré comme une personne handicapée, ce handicap doit être visible et constant.',	'2022-04-03 00:00:00',	NULL),
('mansplaining',	'Mansplaining',	'Amikor a férfiak lekezelően nyilatkoznak vagy magyaráznak valamit egy nőnek. Gyakori tapasztalat, hogy a férfiak olyan témát magyaráznak, amelyben a nő szakértő/ismerős. Ez abból az implicit előítéletből fakad, hogy a férfiak természetszerűleg nagyobb szakértelemmel rendelkeznek, mint a nők, és az ő nézőpontjuk számít csak.',	'2022-04-01 00:00:00',	NULL),
('masodosztalyu-allampolgar',	'Másodosztályú állampolgár',	'Amikor egy kiváltságos csoportból valakit előnyben részesítenek, olyasvalakivel szemben, aki \"értéktelenebb\" vagy alsóbbrendűnek tekintett csoportba tartozik.',	'2022-04-01 00:00:00',	NULL),
('megkerni-a-kisebbsegi-embereket-hogy-tanitsak-meg-az-anyanyelvuket',	'Megkérni a kisebbségi embereket, hogy tanítsák meg az anyanyelvüket.',	'Ez a kérdés feltételezi, hogy a személy máshol született, és nem a magyar az anyanyelve és/vagy nem beszél jól magyarul. A \"honnan jöttél valójában\" megjegyzéshez hasonlóan ez is azt a hiedelmet erősíti, hogy az embernek fehérnek kell lennie ahhoz, hogy magyar legyen, és hogy aki nem fehér, az biztosan máshonnan jött. Ez megtagadja az emberektől annak lehetőségét, hogy Magyarországon születtek és nőttek fel, és kívülállóként bélyegzi meg őket. A fogadó személyt úgy érezheti, hogy nem szívesen látják, szégyelli a kultúráját, és úgy érzi, hogy nem tartozik ide.',	'2022-04-01 00:00:00',	NULL),
('megkerni-az-egyetlen-not-hogy-o-keszitse-a-jegyzokonyvet',	'Megkérni az egyetlen nőt, hogy ő készítse a jegyzőkönyvet.',	'Ez a cselekedet a nők munkahelyi szerepével kapcsolatos nemi sztereotípiákban gyökerezik. Azzal, hogy az egyetlen nőt kérik meg a szobában, hogy jegyzeteljen vagy készítsen jegyzőkönyvet, azt az elképzelést állandósítják, hogy a nők támogató, illetve adminisztratív szerepet játszanak az irodában, míg a férfiak a vezetők. Ez a tiszteletlenség érzését keltheti. Leereszkedő lehet a fogadó nő számára.',	'2022-04-01 00:00:00',	NULL),
('mi-tortent-veled',	'Mi történt veled?',	'Ez a kérdés általában kíváncsiságból fakad. Ártalmatlannak tűnhet, de azt jelzi az embernek, hogy elsősorban a fogyatékossága az érdekes. A társadalom hajlamos a fogyatékosságot negatívnak és mindent felemésztőnek látni. A filmek, a televízió és a kultúra a fogyatékosságot korlátozó, nehézségekkel és boldogtalan emberekkel teli dologként ábrázolja. Ez lehet az, ami miatt az emberek annyira kíváncsiak erre a kérdésre. Ez azt sugallhatja az embernek, hogy a fogyatékossága a legfontosabb dolog benne. Ez elhiteti velük, hogy semmi mást nem tudnak nyújtani. Azt érezhetik, hogy mások, kiszemeltek vagy alkalmatlanok.',	'2022-04-01 00:00:00',	NULL),
('mindannyionknak-van-egy-kis-fogyatekossaga',	'Ugyan már - mindannyiunknak van egy kis fogyatékossága.',	'Ez a megjegyzés azt jelezheti valakinek, hogy a fogyatékossága \"nem is olyan rossz\", vagy túlreagálja azokat. Ez lekicsinyelheti valakinek a küzdelmeit, és csökken az esélye, hogy beszélni fog a küzdelmeiről, vagy támogatást fog keresni. Ezt a fogyatékossággal kapcsolatos tapasztalatok tagadásának is nevezik.',	'2022-04-01 00:00:00',	NULL),
('minden-elet-szamit',	'Minden élet számít.',	'Ezt a kifejezést leggyakrabban a Black Lives Matter mozgalomra reagálva használják. Tagadja a fekete emberek küzdelmeit és a feketeellenes rasszizmus elleni küzdelem sürgető szükségességét. A kifejezés a feketeellenes rasszizmus történelmének és a diszkrimináció modern formáinak tudatlanságában gyökerezik. Elhallgattatja a mozgalom hangját azzal, hogy eltereli a figyelmet egy olyan csoportról, amelynek támogatásra van szüksége.',	'2022-04-01 00:00:00',	NULL),
('minorite-exemplaire',	'Minorité exemplaire',	'L\'idée que certains groupes racialisés sont plus travailleurs, plus intelligents et plus performants que d\'autres. Cette idée est souvent utilisée pour imposer une norme à un groupe donné et l\'homogénéiser (c\'est-à-dire le traiter comme s\'il était identique).',	'2022-04-03 00:00:00',	NULL),
('minta-kisebbseg',	'Minta kisebbség',	'Az az elképzelés, hogy egyes kisebbségek szorgalmasabbak, intelligensebbek és sikeresebbek, mint mások. Ezt gyakran használják arra, hogy egy bizonyos csoportot bizonyos mércéhez tartsanak és homogenizáljanak (azaz úgy kezeljék őket, mintha mindannyian egyformák lennének).',	'2022-04-01 00:00:00',	NULL),
('miszter-anya',	'Mr. Anya',	'Ezt a kifejezést gyakran az otthonmaradó, az egyedülálló apáknak vagy az azonos nemű apákkal rendelkező háztartásoknak tulajdonítják. A hagyományos kulturális értékekből és nemi normákból ered, miszerint a nőnek vagy a feleségnek kell lennie annak a szülőnek, aki otthon marad a gyerekekkel és gondoskodik a háztartásról. Ha egy férfi tölti be ezt a szerepet, akkor \"kevésbé férfiasnak\" vagy \"inkább anyának\" tekintik. Ez fenntartja azt a hiedelmet, hogy a férfiak nem elég érzelmesek, gondoskodóak vagy alkalmasak a gyermeknevelésre. Megerősíti a \"nemek szerinti feladatok\" negatív elképzelését is. Ez a fajta címkézés a mérgező férfiasságban gyökerezik, és nem veszi figyelembe a szerepek és a nemek sokféleségét a családi egységen belül. Ez az üzenetközvetítés a nők karrierépítésére is negatívan hat. Sok esetben a \"nemek szerinti feladatok\" kettős feladatot követelnek meg a nőktől. Kettős kötelességük a munkahelyen dolgozni, miközben otthon a felelősség nagy részét vállalják. Amikor a férfiakat nevetségessé teszik a házimunka elvégzése vagy a gyermekgondozás miatt, és eltántorítják őket attól, hogy otthon is vállalják ezeket a feladatokat, az állandósítja a nők kettős kötelességét, és azt jelzi, hogy a férfiaknak a munkahelyen kellene lenniük, karrierjükben előrehaladniuk és vezető szerepet vállalniuk.',	'2022-04-01 00:00:00',	NULL),
('mon-dieu-tu-es-si-vieux-vieille',	'Mon Dieu, tu es si vieux.ille.',	'Ce commentaire dit que les personnes âgées sont un obstacle ou qu\'il est trop difficile de traiter avec elles. Il est souvent utilisé lorsque le locuteur se sent impatient avec quelqu\'un et sa capacité à comprendre ou à apprendre quelque chose aussi rapidement qu\'il le souhaiterait. Elle suggère que les personnes âgées sont incapables ou lentes et implique un manque de valeur ou de capacité. Elle rejette les compétences et l\'expérience d\'une personne malgré son âge réel. Il peut également suggérer que les passe-temps, les habitudes ou les opinions d\'une personne sont dépassés.',	'2022-04-03 00:00:00',	NULL),
('muszlim-emberek-szelsosegesek-vagy-terroristak',	'Feltételezés, hogy a muszlim emberek szélsőségesek vagy terroristák.',	'Az ilyen hozzáállások fenntartják azt a sztereotípiát, hogy a muszlim emberek erőszakosak. Ezek az attitűdök gyakran megjelennek és tükröződnek a médiában, a televízióban és a filmekben. Ezek a gondolatok fenntartják azt a hiedelmet, hogy a muszlim emberek gyűlölködőek. Ez egy egész csoportot diszkriminál, és azt eredményezheti, hogy az embereket igazságtalanul ítélik meg és különítik el. Zaklatáshoz és tőlük való félelemhez vezethet.',	'2022-04-01 00:00:00',	NULL),
('naci-szo-melleknevkent-valo-hasznalata',	'A náci szó melléknévként való használata.',	'Ez a kifejezés csökkenti a \"náci\" szó hatását és valódi jelentését. (pl.: Nyelvtannáci vagyok). Lekicsinyli a nácik által a történelemben okozott pusztítást, és átlagos, hétköznapi kontextusba szorítja a kifejezést. A történelem egyik legjelentősebb népirtását lealacsonyítja valamire, amit alkalmi beszélgetésekben használnak, és teret engedhet az embereknek, hogy úgy érezzék, elfogadható, ha bármilyen formában nácinak vallják magukat.',	'2022-04-01 00:00:00',	NULL),
('nagyon-inspiralo-ahogyan-lekuzdotted-a-fogyatekossagodat',	'Nagyon inspiráló, ahogyan leküzdötted a fogyatékosságodat.',	'Ez a megjegyzés azt sugallja, hogy a fogyatékkal élő emberektől keveset várnak el. Tévesen azt sugallja, hogy bármit le lehet győzni, ha az ember elég keményen próbálkozik. Továbbá azt sugallja, hogy a fogyatékosságokat le kell küzdeni, vagy hogy az embereknek törekedniük kell a leküzdésükre. Nem ismeri el a társadalom által felállított akadályokat, amelyek a fogyatékossággal nem rendelkező embereknek kiváltságokat biztosítanak. Megerősíthet egy olyan világot, ahol egyes embereket \"erejükért\" ünnepelnek, míg másokat \"gyengébbnek\" tekintenek.',	'2022-04-01 00:00:00',	NULL),
('nalatok-ki-a-ferfi-a-kapcsolatban',	'Nálatok ki a férfi a kapcsolatban?',	'Ez a kérdés a nemi sztereotípiákban gyökerezik. Feltételezi, hogy minden kapcsolatnak a hagyományos, heteroszexuális nemi szerepeket kell követnie. Ezeket a szerepeket \"férfias\", valamint \"nőies\" személy szerint kategorizálják. Azt sugallja, hogy a kapcsolat működéséhez az egyik személynek férfias és a másiknak nőies szerepet kell betöltenie. Elutasítja azt a tényt, hogy az emberek biológiai nemüktől vagy nemi identitásuktól függetlenül rendelkezhetnek mind női, mind férfias tulajdonságokkal.',	'2022-04-01 00:00:00',	NULL),
('nem-ertem-hogyhogy-nem-akarsz-szexelni',	'Nem értem, hogyhogy nem akarsz szexelni?',	'Ez a megjegyzés arra utal, hogy az aszexualitás nem normális (az aszexualitás a szexuális aktivitás iránti vágy hiánya). Gyakran figyelmen kívül hagyják, mint szexualitást. Gyakran a vallási önmegtartóztatással, a cölibátussal, a szexuális diszfunkcióval vagy a libidó elvesztésével veszik egy kalap alá. Az intimitástól való félelemmel vagy a partnerkeresésre való képtelenséggel is egy kategóriába veszik. Ugyan ezek egyike sem példa az aszexualitásra, de az emberek gyakran összemossák a kettőt. Az ilyen megjegyzések lekicsinylik és lealacsonyítják az aszexuális egyének tapasztalatait azzal, hogy abnormálisnak állítják be őket.',	'2022-04-01 00:00:00',	NULL),
('nem-latok-szineket',	'Nem látok színeket.',	'Ez a gondolkodásmód figyelmen kívül hagyja egy faji csoport identitását és tapasztalatait. A bőrszín tagadása azt jelzi, hogy nem vagyunk hajlandóak elismerni a másik személy identitásának egy részét. Ez azt is mutathatja, hogy nem vagyunk hajlandóak a más csoporthoz tartozó emberek tiszteletére és megértésére törekedni. A \"Nem látom a színeket\" mondatot gyakran használják arra, hogy azt mondják: \"Szerintem mindannyian emberek vagyunk, és mindannyian egyenlőek vagyunk\", és bár minden embernek egyenlőnek kellene lennie, ez nem így van a faji csoportok esetében. Fontos, hogy lássuk a színt, ismerjük el a tapasztalatokat és a küzdelmeket, és dolgozzunk a valódi egyenlőségért.',	'2022-04-01 00:00:00',	NULL),
('nem-lehet-megmondani-hogy-meleg-vagy',	'Nem lehet megmondani, hogy meleg vagy.',	'Ez a mondat azt mondja, hogy a melegeknek közös, felismerhető megjelenésük van. Nem ismeri el, hogy minden meleg ember egyedi egyéniség. Az egyetlen módja annak, hogy megállapítsuk, hogy valaki meleg-e, ha ő maga mondja meg. Nincsenek személyiségjegyek, érdeklődési körök vagy más módok, amelyek ezt jeleznék. Ha azt sugalljuk, hogy van mód arra, hogy megmondjuk, hogy valaki meleg-e, az elbizonytalaníthat valakit. Ez megkérdőjelezheti, hogy hogyan mutatják magukat a világnak. Emellett megerősíti a sztereotípiákat és a társadalom azon meggyőződését, hogy a melegek mindannyian rendelkeznek bizonyos fizikai jellemzőkkel, hanggal és hangszínnel, személyiségjegyekkel stb.\r\n',	'2022-04-01 00:00:00',	NULL),
('nem-tudom-elhinni-hogy-hazas-vagy',	'Nem tudom elhinni, hogy házas vagy.',	'Ez a megjegyzés azt jelezheti valakinek, hogy őt a fogyatékossága határozza meg. Azt sugallja, hogy amikor valaki rájuk néz, csak ezt látja. Azt az üzenetet küldheti, hogy valaki, aki fogyatékossággal él, nem érdemli meg a szeretetet, és ezért meglepő, hogy valaki feleségül vette vagy valakihez hozzáment. Ettől az illető kevesebbnek érezheti magát, emellett megerősíti a szerelemről és a kapcsolatokról alkotott szűklátókörű képet.',	'2022-04-01 00:00:00',	NULL),
('nem-vagyok-rasszista-vannak-kisebbsegi-szinesboru-barataim',	'Nem vagyok rasszista. Vannak kisebbségi/színesbőrű barátaim.',	'Ezzel a megjegyzéssel az esetleges barátságaidat pajzsként használod fel. Jelképes módon próbálsz megbocsátást nyerni a helytelen cselekedetekért. Ez arra kényszerítheti a kisebbségi/színesbőrű személyt, hogy úgy érezze, támogatnia kell mások rasszista hozzáállását. Azt sugallja, hogy egy barátság lehetővé teszi egy másik személy számára, hogy durva vagy elutasító legyen. A megjegyzést tevő személy érzéketlen a barátja mindennapos problémáival szemben. Az, hogy valaki barátkozik valakivel, nem jelenti azt, hogy az illető soha nem folytat rasszista viselkedést, akár szándékosan, akár nem.',	'2022-04-01 00:00:00',	NULL),
('nem-viselkedsz-ugy-mint-a-tobbi-roma',	'Nem viselkedsz úgy, mint a többi roma.',	'Ez a megjegyzés feltételezésekkel él a roma emberek hozzáállásáról és viselkedéséről. A megjegyzés hatására a fogadó személy úgy érezheti, hogy nincs a helyén, megkérdőjelezheti identitását és a közösséghez való kötődését, és megszabhatja, hogyan kell viselkednie ahhoz, hogy beilleszkedjen. Ez a megjegyzés azt sugallja, hogy minden roma embernek ugyanúgy kell gondolkodnia, cselekednie és beszélnie, és megfosztja az embereket az egyéniségüktől. Különösen a félvér emberek tapasztalhatják ezeket a mikroagressziókat, és nyomást gyakorolhatnak rájuk, hogy azonosuljanak egy adott \"oldallal\". Ez tovább erősítheti az identitásukkal kapcsolatos problémákat és azt az érzést, hogy romák, de \"nem eléggé romák\", vagy hogy fehérek, de \"nem eléggé fehérek\".',	'2022-04-01 00:00:00',	NULL),
('no-homo',	'No homo.',	'Ez a kifejezés homofób. A heteroszexuális, cisznemű férfiak jellemzően ezzel a kifejezéssel követik az érzelmeik kifejezését. Ez azt sugallja, hogy az érzelemkifejezések a homoszexualitással kapcsolatosak. Más kontextusban is használható, amikor egy hetero, cisznemű férfi úgy érzi, hogy tisztáznia kell a szexualitását (pl. miután megdicsérte egy másik férfi fizikai megjelenését). Végső soron a kifejezés azt sugallja, hogy a melegség olyan dolog, amit szégyellni kell. Banalizálja azt, hogy mit jelent melegnek lenni.\r\n',	'2022-04-01 00:00:00',	NULL),
('ok-boomer',	'OK, Boomer.',	'Ez a jelmondat azt feltételezi, hogy a Baby Boomer generáció minden tagja ugyanúgy gondolkodik, cselekszik és viselkedik, és ekként kategorizálható. Bár a \"boomer\" kifejezés elsősorban a generációs különbséget jelöli, mégis tágan értelmezhető kifejezéssé vált egy idősebb, zárt gondolkodású és a változásokkal szemben ellenálló személyre. Az idősebb emberek elutasítva vagy megalázva érezhetik magukat ettől a kifejezéstől. Az Millenáris és a Z generáció tagjai arra használják ezt a kifejezést, hogy válaszoljanak minden olyan idősebb embernek, aki lekezelően nyilatkozik a fiatalokról - és a számukra fontos kérdésekről. Néha akkor is mondják, ha egy idősebb ember olyasmit mondott vagy tett, ami \"elavultnak\" tűnik. Ez azt eredményezheti, hogy ez az idősebb személy zavarban és bizonytalanul érzi magát.',	'2022-04-01 00:00:00',	NULL),
('olyan-egzotikusan-nezel-ki',	'Olyan egzotikusan nézel ki.',	'Az \"egzotikus\" szó használata bóknak is tekinthető. Ugyanakkor azt is sugallhatja, hogy az illető személyben van valami szokatlan vagy abnormális. Fenntartja a fehérségnek mint a szépség mércéjének az elképzelését. Ezáltal az illető úgy érezheti, hogy kiemelkedik és a \"normálistól\" eltér. Gyakran eredményezi a személy bizonyos tulajdonságainak fetisizálását; tárgyiasítja őket.',	'2022-04-01 00:00:00',	NULL),
('olyan-fiatalnak-tunsz',	'Hány éves vagy? Olyan fiatalnak tűnsz.',	'Ezt a megjegyzést gyakran bóknak szánják a nők felé, azonban lekicsinyli a tekintélyüket. Ez a kérdés vagy megjegyzés lejárathatja a tényleges éveik tapasztalatát és bölcsességét. Azt az igényt keltheti, hogy az emberek megvédjék magukat, a tapasztalataikat és az értéküket. Emellett szégyenérzetet kelthet bennük a természetes öregedési folyamatuk miatt. A fiatalabbak (különösen a fiatal nők) számára ez a megjegyzés arra szolgál, hogy érvénytelenítse vezetői képességüket, tapasztalatukat és véleményüket. Az ilyen típusú megjegyzések megerősítik azt a társadalmi meggyőződést, hogy egy személynek egy bizonyos korban kell lennie, és egy bizonyos módon kell kinéznie ahhoz, hogy tekintély legyen.\r\n',	'2022-04-01 00:00:00',	NULL),
('olyan-nagymamas-vagy',	'Olyan nagymamás vagy.',	'Ez a kijelentés azt mondja, hogy az idősek nem hasznos részei a társadalomnak. Megerősíti azt a káros elképzelést, hogy az idősek elavultak, és nemigen tudnak mit hozzátenni mások interakcióihoz. Zavarba hozhatja őket, hogy alkalmatlannak tartják őket. Azt is jelzi másoknak, hogy az öregedéstől félni kell, és az a gyengeség jele.',	'2022-04-01 00:00:00',	NULL),
('olyan-profi-vagy',	'Hűha, olyan profi vagy.',	'Ez a megjegyzés bóknak tűnhet, de azt sugallja, hogy a kisebbségi emberek a sztereotípiák alapján nem szakszerűek. Ilyen típusú megjegyzést ritkán mondanak fehér egyéneknek a munkahelyen. Az ilyen megjegyzések abból az elfogult meggyőződésből fakadnak, hogy a kisebbségi egyénekkel nehezebb együtt dolgozni, mint fehér társaikkal. Ettől valaki kínosan és hasztalannak érezheti magát.',	'2022-04-01 00:00:00',	NULL),
('omg-olyan-oreg-vagy',	'OMG, olyan öreg vagy.',	'Ez a megjegyzés azt sugallja, hogy az idősek akadályt jelentenek, vagy túlságosan nehéz velük foglalkozni. Gyakran használják, amikor a beszélő türelmetlennek érzi magát valakivel és azzal a képességével kapcsolatban, hogy valamit olyan gyorsan megértsen vagy megtanuljon, ahogyan a beszélő szeretné. Azt érezteti, hogy az idősek alkalmatlanok vagy lassúak, és ez a tapasztalat vagy képesség hiányára utal. Elutasítja egy személy képességeit és tapasztalatát a tényleges életkora ellenére. Azt is sugallhatja, hogy valakinek a hobbijai, szokásai vagy nézetei elavultak.\r\n',	'2022-04-01 00:00:00',	NULL),
('onmagadat-kenyszerbetegnek-nevezed-amikor-nem-vagy-az',	'Önmagadat kényszerbetegnek nevezed, amikor nem vagy az.',	'Azt jelzi, hogy az illető rendezett, tiszta, vagy hogy a dolgokat egy bizonyos módon szereti. Ha valaki kényszerbetegnek írja le magát, amikor nem az, az lekicsinyli a kényszerbetegséggel élő emberek által tapasztalt nehézségeket. Fenntartja azt a felfogást, hogy a kényszerbetegség egy alkalmi rend iránti vágy, szemben a mentális betegséggel.',	'2022-04-01 00:00:00',	NULL),
('orokos-idegen-sztereotipia',	'Örökös idegen sztereotípia',	'Az a feltételezés, hogy egy nem fehér bőrű személy bevándorló abban az országban, ahol született.',	'2022-04-01 00:00:00',	NULL),
('orult-modon-viselkednek',	'Őrült módon viselkednek.',	'Ez a kijelentés megbélyegzi a mentális betegségeket. Azt sugallhatja, hogy a mentális betegség egy nyíltan negatív dolog. Ez a mondat lekicsinylően hathat az emberek mentális egészségére és/vagy fogyatékosságára. Ez állandósíthatja a marginalizálódást. Továbbá gyakran használják a nők aggodalmainak és tapasztalatainak lekicsinyítésére és leértékelésére.',	'2022-04-01 00:00:00',	NULL),
('ouah-tu-es-tres-joli-e-par-rapport-a-ton-age',	'Ouah, tu es très joli.e par rapport à ton âge.',	'Il peut s\'agir d\'un compliment, mais il implique que la personne n\'a pas l\'air aussi bien que si elle était plus jeune, et implique également que l\'apparence des gens diminue avec l\'âge. Il repose sur l\'idée que l\'on s\'attend à ce que l\'on soit fragile, faible ou moins attirant en vieillissant. Elle peut également laisser entendre que les personnes âgées ne sont pas censées vivre une vie saine, forte et indépendante.',	'2022-04-03 00:00:00',	NULL),
('oublie-ca',	'Oublie ça.',	'Ce commentaire est ancré dans la croyance que la santé mentale est déterminée par une personne seule et non par la chimie de son cerveau, son histoire ou son expérience de vie. Les hommes ressentent souvent ce commentaire car on attend d\'eux qu\'ils soient \"durs\" et \"forts\" et ne montrent aucune émotion. Cependant, le fait de dire cela à quelqu\'un lui indique que les gens ne croient pas que son combat est suffisamment grave pour être réel. Cela peut mettre la pression sur une personne pour qu\'elle soit \"bien\" et ne montre aucun signe de \"faiblesse\". Cela peut amener une personne à se renfermer et à souffrir en silence parce qu\'elle a peur de la façon dont elle sera perçue. Il est important de se rappeler que les problèmes de santé mentale ne sont pas des choses que l\'on peut contrôler soi-même.',	'2022-04-03 00:00:00',	NULL),
('paraitre-choque-par-les-capacites-d-une-personne-handicapee',	'Paraître choqué par les capacités d\'une personne handicapée.',	'Cette façon de penser indique aux personnes handicapées qu\'elles sont globalement moins capables. Elle suggère qu\'une personne est choquée de voir une personne handicapée faire quelque chose qu\'une personne non handicapée a fait. Elle suppose qu\'elles n\'ont pas de liberté personnelle ou qu\'elles ont besoin de soins et d\'assistance constants. Elle peut donner aux personnes handicapées le sentiment d\'être prises en pitié ou méprisées.',	'2022-04-03 00:00:00',	NULL),
('porno-de-l-inspiration',	'Porno de l\'inspiration',	'Elle réduit une personne handicapée à son handicap. Elle ignore leur expérience de vie et leur identité en dehors de leur handicap. Elle dit au monde qu\'elle n\'existe que pour que les personnes valides se sentent bien. Elle tente généralement d\'apparaître comme quelque chose de positif à travers la télévision, les films et les médias. Ils ont tendance à montrer la \"force\" et à \"surmonter les obstacles\". Mais cela peut donner l\'impression à une personne qu\'elle n\'est pas assez bonne si elle n\'a pas accompli quelque chose. Ils montrent également le handicap comme quelque chose de toujours négatif qu\'il faut surmonter.',	'2022-04-03 00:00:00',	NULL),
('pourquoi-tu-n-es-pas-encore-mariee',	'Pourquoi tu n\'es pas encore mariée ?',	'Ce type de question suppose que le mariage doit être l\'objectif d\'une personne et peut invalider les relations qu\'elle peut avoir. Bien que les femmes semblent recevoir ce commentaire le plus souvent de la part d\'étrangers, d\'amis et de membres de la famille, des personnes de tous les sexes en font l\'expérience. De telles questions mettent la personne sous pression et suggèrent que quelque chose ne va pas chez elle parce qu\'elle n\'est pas mariée. Elles peuvent banaliser leurs choix de vie et les obliger à se conformer aux attentes de la société quant à la façon dont ils devraient mener leur vie.',	'2022-04-03 00:00:00',	NULL),
('presumer-que-tous-les-asiatiques-sont-bons-en-maths',	'Présumer que tous les asiatiques sont bons en maths.',	'Cet état d\'esprit est fondé sur des stéréotypes concernant les Asiatiques et les regroupe. Elle ne tient pas compte de leurs identités, compétences et talents individuels. Mettre tous les Asiatiques dans le même panier revient à regrouper un groupe ethnique large et diversifié en un seul. Cela peut avoir un impact sur l\'identité culturelle et l\'acceptation d\'autres compétences ou talents qu\'ils possèdent. On considère que cela fait partie du mythe de la \"minorité exemplaire\". On parle de minorité exemplaire lorsqu\'un groupe est considéré comme \"meilleur\" ou plus performant que les autres groupes minoritaires. Cela met les minorités en concurrence les unes avec les autres. Cela peut ajouter à la pression ou à la honte intériorisée lorsqu\'une personne a le sentiment de ne pas avoir atteint cette minorité exemplaire, même si elle reconnaît que c\'est problématique.\n',	'2022-04-02 00:00:00',	NULL),
('qu-est-ce-qui-t-est-arrive',	'Qu\'est-ce qui t\'est arrivé ?',	'Cette question est généralement posée par curiosité. Elle peut sembler anodine, mais elle indique à une personne qu\'elle est d\'abord perçue par son handicap. La société a tendance à considérer le handicap comme négatif et dévorant. Les films, la télévision et la culture dépeignent le handicap comme étant limitatif, plein de difficultés et de gens malheureux. C\'est parfois ce qui pousse les gens à poser la question. Cela peut suggérer à une personne que son handicap est la chose la plus importante chez elle. Elle peut lui faire croire qu\'elle n\'a rien d\'autre à offrir. Elle peut faire en sorte qu\'elle se sente différente, isolée ou inadéquate.',	'2022-04-03 00:00:00',	NULL),
('quand-est-ce-que-tu-vas-vraiment-faire-la-transition',	'Alors, quand est-ce que tu vas vraiment faire la transition ?',	'Cette question est invasive. Elle implique que quelqu\'un est incomplet tel qu\'il est actuellement. Elle suggère qu\'elle est moins femme/homme. Il existe de nombreux obstacles à la transition médicale. Certaines personnes peuvent ne pas souhaiter subir diverses procédures. Elles peuvent également ne pas vouloir en discuter ouvertement. Les femmes transgenres sont des femmes. Les hommes transgenres sont des hommes. Et ce, indépendamment des procédures qu\'ils ont ou n\'ont pas subies. Cette question réduit l\'identité d\'une personne au fait d\'avoir subi une procédure.',	'2022-04-03 00:00:00',	NULL),
('quel-age-as-tu-tu-as-l-air-tellement-jeune',	'Quel âge as-tu ? Tu as l\'air tellement jeune.',	'Ce commentaire est souvent considéré comme un compliment adressé aux femmes. Cependant, il minimise leur autorité. Cette question/ce commentaire peut discréditer l\'expérience et la sagesse de leurs années réelles. Il peut créer le besoin pour les gens de se défendre, de défendre leur expérience et leur valeur. Elle peut également les amener à avoir honte de leur processus naturel de vieillissement. Pour les personnes plus jeunes (les jeunes femmes en particulier), ce commentaire sert à invalider leur leadership, leur expérience et leurs opinions. Ce type de commentaire renforce la croyance sociétale selon laquelle une personne doit avoir un certain âge et une certaine apparence pour faire autorité.',	'2022-04-03 00:00:00',	NULL),
('questions-intrusives-gypotheses-sur-le-sexe-et-corps',	'Questions intrusives / hypothèses sur le sexe et le corps.',	'Ces questions constituent une atteinte à la vie privée. Cela inclut les questions sur l\'identité de genre et l\'activité sexuelle. Elles incluent également les questions sur les opérations chirurgicales. Elles font du genre et de la sexualité d\'une personne le centre de l\'attention. Les personnes LBTQ+ ont droit à la même vie privée que toute autre personne. Ce sont des questions que l\'on ne poserait pas à une personne cisgenre/hétérosexuelle.',	'2022-04-03 00:00:00',	NULL),
('rejtett-bantalmazas',	'Rejtett bántalmazás',	'A manipuláció egy formája, amelyet arra használnak, hogy megkérdőjelezzék valakiben a saját valóságát és tapasztalatait. Erre példa lehet, hogy egy véleményét kifejező nőnek azt mondják, hogy biztosan menstruál, vagy azt állítják, hogy egy rasszista bántalmazás soha nem történt meg, mert a bántalmazónak vannak barátai más rasszból, stb.',	'2022-04-01 00:00:00',	NULL),
('roma-fekete-lany-letedre-csinos-vagy',	'Roma (vagy Fekete) lány létedre csinos vagy.',	'Ez a megjegyzés azt sugallja, hogy a nem roma (vagy nem fekete) emberek jelentik a szépség alapértelmezett mércéjét. Azt üzeni egy roma vagy fekete nőnek, hogy az ő fajtája eleve nem vonzó, de ő kivétel. Még ha bóknak szánják is, akkor is sértő, mert meglepetést fejez ki azzal kapcsolatban, hogy egy roma vagy fekete nő vonzó. Az ilyen megjegyzések hallatán a roma vagy fekete nők elbizonytalanodnak saját szépségükkel kapcsolatban, és fenntartják azt az elképzelést, hogy a nem fekete bőr és vonások jelentik a szépség mércéjét.',	'2022-04-01 00:00:00',	NULL),
('s-adresser-uniquement-a-l-homme-dans-les-environnements-de-service-a-la-clientele',	'S\'adresser uniquement à l\'homme dans les environnements de service à la clientèle.',	'Ce comportement rejette la femme comme quelqu\'un qui doit être vu et non entendu. Il découle de la croyance selon laquelle les hommes sont le chef de famille et ceux qui doivent prendre les décisions. Ce type de comportement se manifeste dans de nombreux environnements dominés par les hommes, notamment les concessionnaires automobiles, les courtiers en prêts hypothécaires, les banques, les services de construction, etc. Il peut se traduire par le fait d\'ignorer une femme qui a posé une question, d\'éviter le contact visuel ou de faire des blagues et de rejeter ses demandes. Ce comportement peut se traduire par le fait d\'ignorer une femme qui a posé une question, d\'éviter le contact visuel ou de faire des blagues et de rejeter ses demandes de renseignements.',	'2022-04-03 00:00:00',	NULL),
('se-decrire-comme-un-toc-alors-qu-on-ne-l-est-pas',	'Se décrire comme un TOC alors qu\'on ne l\'est pas.',	'Cette phrase est souvent prononcée dans un contexte décontracté. Elle est dite pour signifier qu\'une personne est organisée, propre, ou préfère les choses d\'une manière spécifique. Se décrire comme ayant un trouble obsessionnel-compulsif alors qu\'on ne l\'est pas diminue les difficultés rencontrées par les personnes qui vivent avec un trouble obsessionnel-compulsif. Cela perpétue l\'idée que le TOC est un désir d\'ordre occasionnel plutôt qu\'une maladie mentale.',	'2022-04-03 00:00:00',	NULL),
('se-mefier-de-la-reussite-des-personnes-racisees',	'Se méfier de la réussite des personnes racisées.',	'Cette croyance sape la réussite des personnes racialisées. Elle découle d\'un préjugé sociétal plus large selon lequel les personnes racialisées sont incapables de réussir par rapport aux personnes blanches. Ainsi, toute réussite est accueillie avec suspicion. Cela peut empêcher les personnes racialisées d\'être reconnues, célébrées ou d\'avoir confiance en elles. Cela peut avoir des conséquences sur leur vie (emplois, promotions, relations, etc.).',	'2022-04-03 00:00:00',	NULL),
('se-referer-a-qqn-comme-etant-dans-un-fauteuil-roulant-ou-confine-a',	'Se référer à quelqu\'un comme étant \"dans un fauteuil roulant\" ou \"confiné à\".',	'Ces termes sont souvent utilisés par des personnes non handicapées. Ils sont fondés sur la croyance que l\'utilisation d\'un fauteuil roulant est limitative ou restrictive. Cette croyance est entretenue par la représentation que les médias donnent des personnes en fauteuil roulant comme étant incapables de vivre ou de faire les mêmes choses qu\'une personne valide. Ces expressions peuvent rappeler à une personne qu\'elle est considérée comme moins capable. Ces termes n\'impliquent pas que les fauteuils roulants apportent mobilité, indépendance et liberté aux personnes. Ils suggèrent une façon dépassée de considérer les personnes handicapées et la façon dont elles mènent leur vie.',	'2022-04-03 00:00:00',	NULL),
('serrer-ton-sac-quand-une-personne-racisee-sapproche',	'Serrer ton sac quand une personne racisée s\'approche.',	'Ce comportement est ancré dans les stéréotypes. Il peut indiquer aux autres que les personnes racialisées sont considérées comme dangereuses ou criminelles. Ces stéréotypes présentent les personnes racisées comme agressives et menaçantes. Ils sont souvent alimentés par le cinéma et la télévision. Les médias grand public ont tendance à montrer les personnes racialisées comme étant violentes.',	'2022-04-03 00:00:00',	NULL),
('si-tu-ne-crois-pas-en-dieu-en-quoi-tu-crois',	'Donc, si tu ne crois pas en Dieu, en quoi tu crois ?',	'Ce type de question découle du préjugé selon lequel la croyance en Dieu est la norme ou le standard. Il suggère que pour être un membre positif de la société, les gens doivent croire en Dieu. Il découle de la notion selon laquelle ne pas croire en Dieu signifie que vous êtes moins moral ou \"bon\". Elle peut également impliquer que les croyances centrées sur Dieu sont supérieures aux autres.',	'2022-04-03 00:00:00',	NULL),
('sosem-tudnek-lemondani-a-gyerekemrol',	'Nem tudom, hogy csináltad. Soha nem tudnék lemondani a gyerekemről.',	'Ez a megjegyzés megszégyeníti azt a személyt, aki örökbe adta a gyermekét. Mind a szülőket, mind a gyermeket rossznak vagy erkölcsileg megkérdőjelezhetőnek bélyegzi meg. Nem veszi figyelembe a különböző okokat, amelyek miatt valaki fontolóra veheti, hogy örökbe adja a gyermekét, és gyakran figyelmen kívül hagyja a szülői érzéseket ezzel kapcsolatban. Szégyent ébreszthet a szülőkben a nehéz döntés miatt, amelyet meg kellett hozniuk.',	'2022-04-01 00:00:00',	NULL),
('stereotype-de-l-etranger-perpetuel',	'Stéréotype de l\'étranger perpétuel',	'L\'hypothèse selon laquelle une personne racialisée est un immigrant dans le pays où elle est née.',	'2022-04-03 00:00:00',	NULL),
('suggere-que-toutes-les-personnes-noires-sont-agressives',	'Suggérer que toutes les personnes noires sont agressives / menaçantes.',	'Cette pensée est ancrée dans le racisme. Elle déshumanise les Noirs et justifie le traitement sévère qui leur est réservé en suggérant qu\'ils constituent une menace. Ces croyances ont conduit à un profilage injuste par les civils et la police, et à un recours accru à la force contre les Noirs. Non seulement cela porte atteinte à l\'estime de soi, mais cela crée des situations de danger de mort pour la communauté noire.',	'2022-04-03 00:00:00',	NULL),
('suggerer-que-deux-personnes-devraient-sortir-ensemble-juste-parce-qu-ils-sont-gays',	'Suggérer que deux personnes devraient sortir ensemble juste parce qu\'elles sont toutes les deux gays.',	'Ce comportement a souvent de bonnes intentions. Il découle du désir de voir quelqu\'un vivre une relation heureuse. Cependant, il reflète l\'ignorance. Il est déshumanisant. Il suppose que les personnes homosexuelles n\'ont pas de préférences. Il suggère qu\'ils vont entamer une relation amoureuse avec quelqu\'un simplement parce qu\'il est également gay.',	'2022-04-03 00:00:00',	NULL),
('supposer-qu-une-collegue-femme-est-une-stagiaire-ou-etudiante',	'Supposer qu\'une collègue femme est une stagiaire ou étudiante.',	'Cette supposition vient du fait que l\'on pense que les femmes (en particulier les femmes racisées) ne sont pas aussi capables et expérimentées que les hommes. Les femmes peuvent être rejetées sur le lieu de travail parce que les gens ne croient pas qu\'elles puissent occuper des postes d\'autorité. Cette attitude est souvent fondée sur des préjugés sexistes sur le lieu de travail. Ces préjugés associent le leadership à la masculinité.',	'2022-04-03 00:00:00',	NULL),
('supposer-qu-une-personne-agee-n-est-pas-douee-pour-la-technologie',	'Supposer qu\'une personne âgée n\'est pas douée pour la technologie.',	'De telles suppositions impliquent que les personnes âgées sont déconnectées de la technologie actuelle, des tendances et du monde en général. Cela peut avoir un impact sur les individus, notamment sur le lieu de travail. Les employés plus âgés peuvent être montrés du doigt car on suppose qu\'ils ne seraient pas capables de gérer la technologie simplement en raison de leur âge. On suppose également que les jeunes travailleurs n\'auraient pas besoin de formation technologique en raison d\'une aptitude naturelle perçue pour les questions technologiques.',	'2022-04-03 00:00:00',	NULL),
('supposer-que-le-peuple-juif-controle-les-banques-media-hollywood',	'Supposer que le peuple juif contrôle les banques, les médias et Hollywood.',	'Cette hypothèse perpétue un récit selon lequel les Juifs sont de connivence pour contrôler le monde et ses finances. Elle est fondée sur des stéréotypes archaïques et dépeint les personnes de confession ou de culture juive comme une classe dominante et une menace pour les autres.',	'2022-04-03 00:00:00',	NULL),
('supposer-que-les-musulmans-sont-extremistes-ou-terroristes',	'Supposer que les musulmans sont des extrémistes/terroristes.',	'Ce type d\'attitude perpétue le stéréotype selon lequel les musulmans sont violents. Ces attitudes sont souvent montrées et reflétées dans les médias, à la télévision et dans les films. Ces attitudes entretiennent la croyance que les musulmans sont détestables. Elles sont discriminatoires à l\'égard de tout un groupe et peuvent conduire à des jugements injustes et à la singularisation de certaines personnes. Elles peuvent conduire à une augmentation du harcèlement et des interrogations.',	'2022-04-03 00:00:00',	NULL),
('supposer-que-les-personnes-racisees-sont-pauvres-moins-performantes',	'Supposer que les personnes racisées sont pauvres / moins performantes.',	'Cette hypothèse est ancrée dans les préjugés et les stéréotypes. Elle entretient la croyance selon laquelle les personnes racialisées ont moins de chances de réussir que les Blancs. Elle place les Blancs au centre de la réussite socio-économique. Ce stéréotype perpétue les obstacles systémiques à la réussite des personnes racialisées. Cela inclut le lieu de travail, où les individus ont moins de chances d\'être sélectionnés comme candidats à un emploi, d\'être promus, etc.',	'2022-04-03 00:00:00',	NULL),
('supposer-que-tous-les-jeunes-sont-paresseux-et-privilegies',	'Supposer que tous les jeunes sont paresseux et privilégiés.',	'Cette attitude met dans le même sac toutes les personnes d\'une certaine tranche d\'âge et rejette toute possibilité de compétence ou d\'éthique du travail pour quiconque fait partie de ce groupe. Elle implique que les jeunes n\'ont pas d\'éthique du travail ou de motivation et les dépeint tous comme peu désireux de participer au travail. Elle ne tient pas compte de la diversité des antécédents et de l\'éducation des jeunes, qui pourraient affecter leur capacité ou leurs préférences en matière de travail et de contribution à la société. Elle ne considère pas non plus le monde du point de vue des jeunes, qui ont des options dans de nouvelles industries avec des styles de travail changeants que d\'autres peuvent rejeter comme \"pas un vrai travail\".',	'2022-04-03 00:00:00',	NULL),
('szegeny-lusta',	'Feltételezni, hogy valaki azért szegény, mert lusta.',	'Ezzel a magatartással az egyén nem ismeri fel, hogy milyen nehéz megélni a szegénységet, és milyen nehéz ebből a szegénységből kilépni. Azt sugallja, hogy mindenki egyenlő, vagy mindenkinek ugyanolyan lehetőségei vannak a gazdasági megerősödésre és a jólétre. Az embereket azzal vádolja, hogy ők maguk döntöttek úgy, hogy szegények lesznek. Azzal vádolja az embereket, hogy túl lusták és/vagy motiválatlanok ahhoz, hogy a gazdasági megerősödésre törekedjenek. Nem ismeri fel a szegénységet okozó akadályokat (beleértve a rendszerszintű akadályokat is). Ettől még jobban elítélve érezheti magát valaki. Hosszabb távon ez a viselkedés megakadályozhatja őket abban is, hogy segítséget kérjenek.',	'2022-04-01 00:00:00',	NULL),
('szemkontaktus-kerulese-a-kisebbsegi-szinesboru-munkatarsakkal',	'Szemkontaktus kerülése a kisebbségi/színesbőrű munkatársakkal.',	'Ez a viselkedés annyira apró és finom, nagyon nehezen észrevehető. A kisebbségi vagy színesbőrű személy kirekesztettnek, láthatatlannak és értéktelennek érezheti magát, és hatással lehet a fizikai és mentális egészségükre. Az a személy, aki nem veszi fel a szemkontaktust, lehet, hogy észre sem veszi, hogy ezt teszi, de ez abban a tudattalan előítéletben gyökerezik, hogy a kisebbségi emberek alacsonyabb rendűek.',	'2022-04-01 00:00:00',	NULL),
('szerenyebben-vagy-kevesbe-kislanyosan-kellene-oltozkodnod',	'Szerényebben (vagy kevésbé kislányosan) kellene öltözködnöd.',	'Ezek a megjegyzések vagy arra ösztönzik a nőket, hogy szerényebben öltözzenek, vagy arra, hogy többet mutassanak magukból. Kizárólag a nők külsejére összpontosítanak. Teljesen elvonatkoztatnak a nők perspektívájától és a munkájukhoz való hozzáállásuktól, ehelyett helytelen és kéretlen tanácsokat adnak egy irreleváns, személyes témában. A nemi sztereotípiákból és a nőkkel szembeni elvárásokból fakadnak. A nőknek egyszerre kell konzervatívnak, ugyanakkor stílusosnak és vonzónak lenniük a munkahelyen. Ezeknek a tényezőknek semmi közük nem lehet a munkájukhoz és a munkához való hozzáállásukhoz. Az ilyen mondatok célja, hogy ellenőrzést gyakoroljanak a nők személyes döntései felett.\r\n',	'2022-04-01 00:00:00',	NULL),
('szoval-mikor-kezded-a-hormonterapiat',	'Szóval, mikor kezded a hormonterápiát?',	'Ez a kérdés invazív. Azt sugallja, hogy valaki úgy, ahogy van, nem teljes, hogy kevésbé nő vagy férfi. Számos akadálya van az hormonterápiának. Egyesek nem kívánnak különböző eljárásokon átesni. Az is előfordulhat, hogy nem akarnak erről nyíltan beszélni. A transznemű nők nők. A transznemű férfiak férfiak. Függetlenül attól, hogy milyen eljárásokon estek vagy nem estek át. Ez a kérdés az egyén identitását arra redukálja, hogy átesett-e egy orvosi eljáráson.',	'2022-04-01 00:00:00',	NULL),
('szuletesi-nev-megkerdezese',	'Születési név megkérdezése.',	'Ez a kérdés azt sugallja, hogy az illető nem tekinti \"valódi\" névnek azt a nevet, amelyet egy transznemű személy megosztott vele. Elutasítja a transznemű személy identitását és azt, hogy ki/hogyan akarja magát bemutatni. Nem tesz különbséget egy személy neve és identitása, valamint \"hivatalos neve\" között. ',	'2022-04-01 00:00:00',	NULL),
('t-es-bi-c-est-sexy',	'T\'es bi ? C\'est sexy.',	'Cette déclaration fait de l\'amour entre personnes du même sexe un fétiche. Elle sape ce que cela signifie d\'être bisexuel. Elle en fait un objet d\'amusement pour les hétérosexuels. Ce commentaire est souvent dirigé vers les femmes qui s\'identifient comme bisexuelles. Il renforce l\'idée que la communauté LGBTQ+ est trop sexuelle.',	'2022-04-03 00:00:00',	NULL),
('tobbet-kellene-mosolyognod',	'Többet kellene mosolyognod.',	'Ez a megjegyzés megalázó módon üzeni a nőknek, hogy állandóan boldognak és csinosnak kell lenniük, függetlenül attól, hogy mi történik az életükben. Ez azon a társadalmi meggyőződésen alapul, hogy a nők a férfiak tekintetéért léteznek, és a férfiak igényeinek kell megfelelniük. Ez a megjegyzés tovább erősíti a nemi sztereotípiákat; a férfiakat ritkán, vagy egyáltalán nem kérdezik meg, hogy miért nem mosolyognak, vagy kérik meg őket, hogy mosolyogjanak a munkahelyükön, az utcán vagy a mindennapi életükben. Ehelyett a férfiakat azért dicsérik, mert magabiztosak. Ezzel szemben a nőket gyakran kritizálják azért, mert magabiztosak. Ez a megjegyzés megerősítheti a problémás nemi sztereotípiákat, amelyek szerint a nőknek kellemesnek, nem konfrontálódónak és alkalmazkodónak kell lenniük.',	'2022-04-01 00:00:00',	NULL),
('tolakodo-kerdesek-es-feltetelezesek-a-nemi-iranyultsaggal-vagy-testtel-kapcsolatban',	'Tolakodó kérdések / feltételezések a nemi irányultsággal és a testtel kapcsolatban.',	'Ezek a kérdések a magánélethez való jog megsértését jelentik. Ide tartoznak a nemi identitásra és a szexuális tevékenységre vonatkozó, valamint a műtétekre vonatkozó kérdések is. Ezek a kérdések a személy nemét és szexualitását állítják a figyelem középpontjába. Az LMBT+ embereknek ugyanolyan magánélethez van joguk, mint bármely más személynek. Ezek olyan kérdések, amelyeket senki nem tenne fel egy ciszgender/heteroszexuális személynek.',	'2022-04-01 00:00:00',	NULL),
('ton-mariage-va-t-il-etre-arrange',	'Alors, ton mariage va-t-il être arrangé ?',	'Ce type de questionnement est souvent adressé aux femmes musulmanes et aux autres femmes racisées ou d\'origines ethniques diverses. Elle suppose qu\'elles n\'ont pas la liberté de choix. Elle suppose également qu\'elles n\'ont pas de pouvoir d\'action. Cela peut conduire à des croyances erronées sur le traitement des femmes dans d\'autres communautés et dans d\'autres religions. Cela peut entraîner une augmentation de l\'islamophobie, par exemple. La personne qui en fait l\'objet peut également se sentir incomprise ou différente. ',	'2022-04-03 00:00:00',	NULL),
('ton-pere-t-a-fait-porter-ce-hijab',	'Ton père t\'a fait porter ce hijab ?',	'Cette question est islamophobe. Elle repose sur le stéréotype selon lequel les femmes musulmanes n\'ont que peu ou pas de pouvoir pour prendre des décisions les concernant. De telles suppositions sont préjudiciables. Elles peuvent laisser entendre que les femmes musulmanes ne pratiquent pas leur foi de leur plein gré. Elles sont souvent utilisées pour suggérer qu\'il y a quelque chose qui ne va pas dans la foi musulmane, en particulier pour les femmes pratiquantes. ',	'2022-04-03 00:00:00',	NULL),
('toutes-les-vies-comptent',	'Toutes les vies comptent.',	'Cette expression est le plus souvent utilisée en réponse au mouvement Black Lives Matter. Elle nie les luttes des Noirs et le besoin urgent de s\'attaquer au racisme anti-Noir. Cette phrase est ancrée dans l\'ignorance de l\'histoire du racisme anti-Noir et des formes modernes de discrimination. Elle réduit au silence la voix du mouvement en détournant l\'attention d\'un groupe qui a besoin de soutien.',	'2022-04-03 00:00:00',	NULL),
('traiter-les-femmes-de-folles-garces-ou-hysteriques',	'Traiter les femmes de folles, de garces et/ou d\'hystériques.',	'Ces commentaires indiquent que les femmes sont trop émotives et instables. Ils suggèrent que les femmes ne peuvent pas être prises au sérieux. Les femmes reçoivent souvent ces commentaires lorsqu\'elles expriment une opinion ou fixent des limites. Ces stéréotypes renforcent la croyance que les femmes sont irrationnelles. Ils dévalorisent les opinions des femmes. Ils peuvent également entraver leur réussite (c\'est-à-dire leur emploi, leurs relations, etc.). Il s\'agit d\'une forme de gaslighting. Elle peut avoir un impact négatif sur la santé mentale.',	'2022-04-03 00:00:00',	NULL),
('traiter-qqn-ou-qc-d-attarde',	'Traiter quelqu\'un ou quelque chose d\'attardé.',	'Ce mot est surtout utilisé pour remplacer \"débile\" ou \"stupide\". L\'utilisation de ce mot perpétue des croyances négatives sur les personnes handicapées. Il est néfaste, qu\'il s\'adresse à une personne handicapée ou non. L\'utiliser de cette façon renforce la croyance que les personnes handicapées sont incapables. Il donne à la personne handicapée le sentiment d\'être inférieure à elle-même ou de ne pas être à la hauteur.',	'2022-04-03 00:00:00',	NULL),
('transznemu-lany-letedre-gyonyoru-vagy',	'Transznemű lány létedre gyönyörű vagy.',	'Ezt általában bókként mondják, de jelzi a transznemű nőknek, hogy nem várják el tőlük, hogy szépek legyenek. Amikor valaki meglepődik, vagy hozzáteszi a megjegyzéséhez, hogy \"transznemű lány létére\", valójában azt akarja mondani, hogy a transznemű nőknek nem kell szépnek lenniük. Ez aláássa az identitásukat. Úgy kezeli őket, mint akik kevésbé érdemlik meg a csodálatot, mint mások. Megerősíti a társadalomban, hogy a transznemű nők \"abnormálisan\" vagy \"másképp\" néznek ki. A \"transznemű lánynak\" hozzáadása azt sugallja, hogy az illető nem is igazán nő.',	'2022-04-01 00:00:00',	NULL),
('tu-as-un-nez-de-juif',	'Tu as un nez de juif.',	'Ce type de commentaire provient de stéréotypes racistes basés sur l\'apparence. Il ne reconnaît pas la diversité des origines du peuple juif. Il limite toutes les personnes juives à une culture ou à une région géographique, et implique que toutes les personnes juives se ressemblent ou ont les mêmes caractéristiques.',	'2022-04-03 00:00:00',	NULL),
('tu-connais-au-moins-ce-qu-est-snapchat-ou-tiktok',	'Tu connais au moins ce qu\'est Snapchat ou TikTok ?',	'Cette affirmation suppose que les personnes âgées ne peuvent pas comprendre la technologie. Elle suggère qu\'elles sont incapables d\'apprendre. Elle est fondée sur des stéréotypes âgistes. Ces questions peuvent donner à une personne un sentiment d\'humiliation. Elle peut avoir l\'impression d\'être considérée comme incapable et dépendante.',	'2022-04-03 00:00:00',	NULL),
('tu-devrais-sourire-plus-souvent',	'Tu devrais sourire plus souvent.',	'Ce commentaire est dégradant et indique aux femmes qu\'elles doivent être constamment heureuses et jolies, indépendamment de ce qui se passe dans leur vie. Il repose sur la croyance sociétale selon laquelle les femmes n\'existent que pour le regard des hommes et qu\'elles doivent se plier à leurs désirs. Ce commentaire ne fait que perpétuer les stéréotypes de genre; on demande rarement, voire jamais, aux hommes pourquoi ils ne sourient pas ou on leur demande de sourire sur leur lieu de travail, dans la rue ou dans leur vie quotidienne. Au contraire, les hommes sont félicités pour leur assurance. En revanche, les femmes sont souvent critiquées pour leur assertivité. Ce commentaire peut renforcer les stéréotypes sexistes problématiques selon lesquels on attend des femmes qu\'elles soient agréables, non conflictuelles et accommodantes.',	'2022-04-03 00:00:00',	NULL),
('tu-es-belle-pour-une-fille-transgenre',	'Tu es belle pour une fille transgenre.',	'Cela est généralement dit comme un compliment, mais signale aux femmes transgenres qu\'elles ne sont pas censées être belles. Lorsque quelqu\'un est surpris ou ajoute \"pour une fille transgenre\" à son commentaire, ce qu\'il dit en réalité, c\'est que les femmes transgenres ne sont pas censées être belles. Cela porte atteinte à leur identité. Cela les traite comme moins méritantes que les autres. Cela renforce dans la société l\'idée que les femmes transgenres sont \"anormales\" ou \"différentes\". Ajouter \"pour une fille transgenre\" implique que la personne n\'est pas vraiment une femme. Cela porte encore plus atteinte à leur identité.',	'2022-04-03 00:00:00',	NULL),
('tu-es-jeune-de-x-annees',	'Tu es jeune de X années.',	'Cette déclaration peut sembler être un compliment, mais elle renforce l\'idée qu\'être plus âgé n\'est pas aussi bon qu\'être jeune. Elle accorde de la valeur aux niveaux d\'énergie et aux traits de personnalité que l\'on croit \"plus jeunes\". Il nie la valeur que l\'âge apporte à la vie des gens et force l\'idée que le seul moment où une personne est heureuse ou capable est lorsqu\'elle est jeune. Cela peut aussi indirectement nier les réalisations et les accomplissements qu\'ils ont faits à leur stade de la vie.',	'2022-04-03 00:00:00',	NULL),
('tu-es-jolie-pour-une-fille-noire-racisee',	'Tu es jolie pour une fille noire (racisée).',	'Ce commentaire suggère que les personnes non noires (non racisées) constituent la norme de beauté par défaut. Il dit à une femme noire que sa race est intrinsèquement peu attrayante mais qu\'elle est une exception. Même s\'il s\'agit d\'un compliment, ce commentaire est offensant car il exprime la surprise de voir qu\'une femme noire est attirante. Ce commentaire laisse les femmes noires dans l\'incertitude quant à leur propre beauté et perpétue l\'idée que la peau et les caractéristiques non noires constituent la norme de beauté. Ce commentaire ne concerne pas uniquement les femmes noires. D\'autres personnes racialisées, quel que soit leur sexe, peuvent également en faire l\'expérience.',	'2022-04-03 00:00:00',	NULL),
('tu-es-si-eloquent-e',	'Tu es si éloquent.e !',	'Ce commentaire provient généralement d\'une personne blanche. Il suppose qu\'une personne racialisée serait moins compétente et moins éloquente. Il s\'agit souvent d\'un compliment. Cependant, il est offensant de s\'étonner qu\'une personne racialisée s\'exprime bien et s\'articule bien. Ces attentes sont souvent fondées sur des stéréotypes. Elles peuvent amener une personne racialisée à douter d\'elle-même. Elles peuvent lui faire perdre confiance en sa capacité à faire autorité ou à être un leader dans sa vie quotidienne et dans son travail. Ce commentaire n\'est pas exclusif à la race et à l\'ethnie. Il peut parfois s\'adresser à une personne handicapée.',	'2022-04-03 00:00:00',	NULL),
('tu-es-si-exotique',	'Tu es si exotique.',	'L\'utilisation du mot \"exotique\" peut être considérée comme un compliment. Cependant, il peut suggérer que la personne a quelque chose d\'inhabituel ou d\'anormal. Il perpétue l\'idée que la blancheur est la norme de beauté. Cela peut donner à une personne le sentiment d\'être singularisée et différente. Elle aboutit souvent à la fétichisation de certains attributs d\'une personne. Elle les dégrade également au rang d\'objet (objectivation).',	'2022-04-03 00:00:00',	NULL),
('tu-es-tellement-autoritaire',	'Tu es tellement autoritaire.',	'Ce commentaire fait croire à la société et aux femmes qu\'elles ne peuvent pas avoir d\'opinions ou s\'affirmer. Décrire les femmes fortes leaders de cette manière perpétue la croyance que les femmes doivent être soumises. Cela signifie que les femmes ne peuvent pas occuper des postes de pouvoir. Les hommes sont souvent félicités pour s\'être affirmés et avoir assumé des rôles de leader. En revanche, on attend des femmes qu\'elles soient agréables à vivre, appréciées et accommodantes. Il peut être plus difficile pour les femmes de réussir lorsque leurs qualifications incluent le fait qu\'elles sont agréables et appréciées. L\'étiquette \"autoritaire\" sert à écraser l\'ambition des femmes. Elle dévalorise leurs perspectives.',	'2022-04-03 00:00:00',	NULL),
('tu-es-un-employe-por-la-divesification',	'Tu es un employé pour la diversification ?',	'Cette question implique qu\'une personne a été sélectionnée pour un poste non pas en fonction de son mérite, de son talent ou de ses compétences. Elle implique qu\'une personne a été embauchée uniquement sur la base de caractéristiques liées à son identité personnelle. Cette question dévalorise le mérite d\'une personne. Elle implique que d\'autres caractéristiques personnelles sans rapport avec ses performances professionnelles sont la seule raison pour laquelle elle a obtenu son poste. Cette question est inappropriée. Elle peut isoler des personnes sur la base de leurs caractéristiques identitaires.',	'2022-04-03 00:00:00',	NULL),
('tu-es-un-honneur-pour-ta-race',	'Tu es un honneur pour ta race.',	'Ce commentaire implique que ce n\'est pas la norme pour une personne d\'une race ou d\'une ethnie particulière d\'être intelligente ou respectable. Il émet des hypothèses sur le comportement attendu d\'un groupe racial ou ethnique. Il est ancré dans les stéréotypes. La personne qui fait le commentaire le voit souvent comme un compliment. Cependant, il suggère que la blancheur est synonyme d\'intelligence et d\'intégrité. Elle peut faire comprendre à la personne qui reçoit le commentaire qu\'elle est considérée comme une exception.',	'2022-04-03 00:00:00',	NULL),
('tu-es-un-peu-jeune-pour-mener-cette-projet',	'Tu es un peu jeune pour mener ce projet.',	'Ce message rejette l\'expérience et la valeur qu\'une personne plus jeune a à offrir. Il est basé sur une perception de son âge ou de son groupe d\'âge, et non sur ses mérites personnels. Cela peut diminuer les compétences d\'une personne plus jeune et minimiser la possibilité que d\'autres personnes soient prêtes à les accepter comme des leaders compétents ou qualifiés. Cela peut créer un cycle dans lequel les jeunes ne sont pas considérés comme capables et ne sont jamais en mesure d\'occuper un poste important. Cela peut également conduire à un sentiment d\'ostracisme, car la personne peut avoir l\'impression de ne pas s\'intégrer à ses pairs ou à ses collègues, ou que la culture du groupe qui la traite de cette manière ne valorise pas les personnes ayant des expériences ou des antécédents différents.',	'2022-04-03 00:00:00',	NULL),
('tu-es-un-si-vieil-homme',	'Tu es un si vieil homme.',	'Cette affirmation suggère que les personnes âgées peuvent être un fardeau pour les autres et ne sont pas des membres précieux de la société. Elle peut faire en sorte que les personnes âgées et leurs compétences soient diminuées ou négligées, et qu\'elles soient étiquetées \"démodées\" ou \"en retard sur le temps\". Cela affecte la façon dont les personnes étiquetées comme \"vieilles\" se perçoivent, car on leur dit qu\'elles ne sont pas pertinentes. Cela peut les amener à remettre en question leurs propres capacités et leur valeur. Cela signale également aux autres que le vieillissement est quelque chose à craindre ou un signe de faiblesse.',	'2022-04-03 00:00:00',	NULL),
('tu-es-une-vraie-grande-mere',	'Tu es une vraie grand-mère.',	'Cette déclaration affirme que les personnes âgées ne sont pas des éléments précieux de la société. Elle renforce le concept néfaste selon lequel les personnes âgées sont dépassées, et qu\'elles n\'ont rien ou presque rien à ajouter aux interactions des autres. Elles peuvent se sentir gênées d\'être considérées comme incapables. Elle signale également aux autres que le vieillissement est quelque chose à craindre et un signe de faiblesse.',	'2022-04-03 00:00:00',	NULL),
('tu-viens-d-ou-vraiment',	'Tu viens d\'où vraiment ?',	'Ce genre de questions suppose qu\'une personne racialisée n\'est pas née ici. Elle peut lui faire comprendre qu\'elle n\'est pas à sa place. Elle est souvent posée dans le cadre d\'une conversation informelle, pour faire la causette. Cependant, elle exprime des hypothèses sous-jacentes selon lesquelles le terme \"blanc\" est la norme par défaut pour les citoyens du pays (généralement dans un contexte français) et que toute personne qui n\'est pas blanche doit venir d\'ailleurs.',	'2022-04-03 00:00:00',	NULL),
('tudod-egyaltalan-mi-az-a-snapchat-vagy-tiktok',	'Tudod egyáltalán, mi az a Snapchat vagy a TikTok?',	'Ez a kijelentés azt feltételezi, hogy az idősebb emberek nem értik a technológiát, vagy hogy képtelenek a tanulásra. Ezek a kérdések megalázó érzéssel tölthetik el az illetőt, úgy érezhetik, hogy alkalmatlannak és dependensnek tartják őket.',	'2022-04-01 00:00:00',	NULL),
('ugyfelszolgalati-kornyezetben-csak-a-ferfiak-megszolitasa',	'Ügyfélszolgálati környezetben csak a férfiak megszólítása.',	'Ez a viselkedés a nőt olyan valakinek tekinti, akit csak látni és nem hallani kell. Ez abból a meggyőződésből fakad, hogy a férfiak a háztartás vezetői, és ők azok, akiknek a döntéseket kell meghozniuk. Ez a fajta viselkedés számos, férfiak által uralt környezetben megjelenik, beleértve az autókereskedéseket, a jelzáloghitel-ügynökségeket, a bankokat, az építőipari szolgáltatásokat stb. Ez megnyilvánulhat a kérdést feltett nő figyelmen kívül hagyásában, a szemkontaktus kerülésében vagy viccelődésben és a kérdezősködés elutasításában. Amikor ez történik, azt a meggyőződést jelzi, hogy a nőkről nem várható el, hogy megértsék a témát, vagy hogy képtelenek fontos döntéseket hozni.',	'2022-04-01 00:00:00',	NULL),
('utiliser-des-pronoms-incorrects',	'Utiliser des pronoms incorrects.',	'Ce comportement invalide l\'identité d\'une personne. Lorsqu\'il est fait exprès, c\'est du harcèlement. Il peut créer un sentiment de malaise. Il implique que vous ne respectez pas l\'identité d\'une personne. Ce comportement est généralement basé sur des stéréotypes, des attentes et des binaires liés au genre.',	'2022-04-03 00:00:00',	NULL),
('utiliser-le-mot-nazi-comme-un-adjectif',	'Utiliser le mot \"nazi\" comme un adjectif.',	'Ce terme diminue l\'impact et la véritable signification du mot \"nazi\". (par exemple, je suis/ils sont un tel nazi de la grammaire). Il minimise la dévastation causée par les nazis dans l\'histoire, réduisant le terme à un contexte extrêmement désinvolte. Cela réduit l\'un des génocides les plus importants de l\'histoire à quelque chose d\'utilisé dans une conversation informelle, et cela peut laisser le champ libre à des personnes qui pensent qu\'il est acceptable de s\'identifier à un nazi sous quelque forme que ce soit.',	'2022-04-03 00:00:00',	NULL),
('utiliser-normal-ou-ordinaire-pour-signifier-heterosexuel-ou-cisgenre',	'Utiliser \"normal\" ou \"ordinaire\" pour signifier hétérosexuel ou cisgenre.',	'Ce genre de mots implique que les personnes hétérosexuelles et cisgenres sont la norme à laquelle les autres doivent être comparés. Ils suggèrent qu\'une personne doit être hétéro et/ou cisgenre pour être acceptée (c\'est l\'hétéronormativité) et renforcent la croyance que ceux qui ne sont pas cisgenres et/ou hétérosexuels sont en quelque sorte inférieurs à leurs pairs. Une personne peut se sentir anormale ou différente lorsqu\'elle est désignée de cette manière.',	'2022-04-03 00:00:00',	NULL),
('valaki-nyelvtanjat-kijavitani-lekicsinylo-vagy-megszegyenito-modon',	'Valakinek a nyelvtanját kijavítani lekicsinyő vagy megszégyenítő módon.',	'Ez a viselkedés a megszégyenítés egy olyan formája, amely rámutat az emberek közötti iskolázottsági és társadalmi státuszbeli különbségekre. Gyakran a közösségi médiában figyelhető meg, amikor valaki kommentálja a másik nyelvtanját, hogy a többiek ne tekintsék elég okosnak. Megerősíti azt a meggyőződést, hogy értékesnek lenni csak magas iskolai végzettséggel lehet. Nem veszi figyelembe az élettapasztalatot, a származást vagy az anyanyelvet. Azt eredményezheti, hogy a beszélő személy szégyellje magát a beszédstílusa vagy a szókincse miatt. Ez a mikroagresszió arra használható, hogy fenntartsa a normatív, magyar beszédmódot.',	'2022-04-01 00:00:00',	NULL),
('valakire-ugy-hivatkozni-hogy-kerekesszekes-vagy-rokkant',	'Valakire úgy hivatkozni, mint \"kerekesszékes\" vagy \"rokkant\".',	'Ezeket a kifejezéseket gyakran használják a fogyatékossággal nem rendelkező emberek. Azon a meggyőződésen alapulnak, hogy a kerekesszék használata korlátozó. Ezt a hiedelmet a médiában a kerekesszéket használó emberek olyan ábrázolása támasztja alá, amely szerint ők képtelenek ugyanúgy élni vagy cselekedni, mint egy ép testű ember. Ezek a mondatok emlékeztethetik a személyt arra, hogy a többiek kevésbé tekintik alkalmasnak. Ezek a kifejezések nem azt sugallják, hogy a kerekesszékek mobilitást, függetlenséget és szabadságot biztosítanak az emberek számára. Azt sugallják, hogy elavult módon tekintenek a fogyatékossággal élő emberekre és arra, hogy hogyan élik az életüket.',	'2022-04-01 00:00:00',	NULL),
('valakit-vagy-valamit-retardaltnak-nevezni',	'Valakit vagy valamit retardáltnak nevezni.',	'Ezt a szót többnyire a \"buta\" vagy \"hülye\" szó helyettesítésére használják. Ennek a szónak a használata fenntartja a fogyatékkal élőkkel kapcsolatos negatív hiedelmeket. Ez káros, akár fogyatékossággal élő személyre irányul, akár nem. Az ilyen használata megerősíti azt a hiedelmet, hogy a fogyatékossággal élő emberek alkalmatlanok, kevesebbek vagy nem elég jók.',	'2022-04-01 00:00:00',	NULL),
('vous-devriez-vous-habiller-de-facon-plus-modeste-moins-friponne',	'Vous devriez vous habiller de façon plus modeste / moins friponne.',	'Ces commentaires encouragent les femmes à s\'habiller plus modestement ou à montrer plus de peau. Ils se concentrent uniquement sur l\'apparence de la femme. Ils s\'éloignent complètement du point de vue des femmes et de leur contribution au travail. Ils fournissent plutôt des conseils inappropriés et non sollicités sur un sujet personnel et non pertinent. Ils découlent des stéréotypes de genre et des attentes à l\'égard des femmes. On attend des femmes qu\'elles soient à la fois conservatrices, élégantes et séduisantes sur le lieu de travail. Ces facteurs ne devraient avoir aucun rapport avec leur travail et leurs contributions professionnelles. Les phrases de ce type visent à exercer un contrôle sur les choix personnels des femmes.',	'2022-04-03 00:00:00',	NULL),
('wow-tu-es-tellement-professionnel-le',	'Wow, tu es tellement professionnel.le',	'Ce commentaire peut sembler être un compliment, mais il implique que les personnes racialisées ne sont pas professionnelles sur la base de stéréotypes. Ce type de commentaire est rarement adressé aux personnes blanches au lieu de travail. Ce genre de commentaire découle de la croyance biaisée selon laquelle il est plus difficile de travailler avec des personnes racialisées qu\'avec des personnes blanches. Cela peut donner à quelqu\'un un sentiment de gêne et de petitesse.',	'2022-04-03 00:00:00',	NULL),
('wow-tu-parles-francais-top-bien',	'Wow, tu parles français trop bien.',	'Ce commentaire se veut souvent un compliment, mais il découle d\'un stéréotype ou d\'une perception selon laquelle la langue maternelle des personnes racisées n\'est pas le français et/ou qu\'elles ne le parleraient pas bien. De tels commentaires vont souvent de pair avec d\'autres commentaires similaires comme \"d\'où viens-tu vraiment\". De tels commentaires peuvent donner à une personne racialisée le sentiment qu\'elle n\'a pas sa place ou qu\'elle est un étranger.',	'2022-04-03 00:00:00',	NULL),
('zsido-orrod-van',	'Zsidó orrod van.',	'Az ilyen típusú megjegyzések a megjelenésen alapuló rasszista sztereotípiákból erednek. Nem ismeri el a zsidó emberek hátterének sokféleségét. Az összes zsidó embert egy kultúrára vagy földrajzi területre korlátozza, és azt sugallja, hogy minden zsidó ember ugyanúgy néz ki/azonos tulajdonságokkal rendelkezik.',	'2022-04-01 00:00:00',	NULL),
('zsidok-hollywood-bankok-media',	'A feltételezés, hogy zsidó emberek irányítják a bankokat, a médiát és Hollywoodot',	'Ez a feltételezés egy olyan narratívát tart fenn, amelyben a zsidó emberek összejátszanak, hogy irányítsák a világot és annak pénzügyeit. Archaikus sztereotípiákon alapul, és a zsidó hitű/kultúrájú embereket irányító osztályként festi le, akik másokra nézve fenyegetésként jelentenek.',	'2022-04-01 00:00:00',	NULL);

DROP TABLE IF EXISTS `entrycategory`;
CREATE TABLE `entrycategory` (
  `entryid` varchar(100) NOT NULL,
  `categoryid` varchar(100) NOT NULL,
  PRIMARY KEY (`entryid`,`categoryid`),
  UNIQUE KEY `entryid_categoryid` (`entryid`,`categoryid`),
  KEY `categoryid` (`categoryid`),
  CONSTRAINT `entrycategory_ibfk_1` FOREIGN KEY (`categoryid`) REFERENCES `category` (`id`),
  CONSTRAINT `entrycategory_ibfk_2` FOREIGN KEY (`entryid`) REFERENCES `entry` (`id`)
) ENGINE=InnoDB DEFAULT CHARSET=utf8mb3;

INSERT INTO `entrycategory` (`entryid`, `categoryid`) VALUES
('elever-la-voix-et-simplifier-le-langage-pour-les-personnes-agees',	'age'),
('fr-ok-boomer',	'age'),
('ils-sont-fous',	'age'),
('la-couleur-rose-est-que-pour-les-filles',	'age'),
('le-langage-des-aines',	'age'),
('les-garcons-resteront-des-garcons',	'age'),
('mon-dieu-tu-es-si-vieux-vieille',	'age'),
('ouah-tu-es-tres-joli-e-par-rapport-a-ton-age',	'age'),
('pourquoi-tu-n-es-pas-encore-mariee',	'age'),
('quel-age-as-tu-tu-as-l-air-tellement-jeune',	'age'),
('supposer-qu-une-collegue-femme-est-une-stagiaire-ou-etudiante',	'age'),
('supposer-qu-une-personne-agee-n-est-pas-douee-pour-la-technologie',	'age'),
('supposer-que-tous-les-jeunes-sont-paresseux-et-privilegies',	'age'),
('tu-connais-au-moins-ce-qu-est-snapchat-ou-tiktok',	'age'),
('tu-es-jeune-de-x-annees',	'age'),
('tu-es-un-peu-jeune-pour-mener-cette-projet',	'age'),
('tu-es-un-si-vieil-homme',	'age'),
('tu-es-une-vraie-grande-mere',	'age'),
('corriger-la-grammaire-de-qqn-pour-le-rabaisser',	'base-sur-la-classe'),
('croire-que-les-personnes-racialisees-ne-sont-pas-qualifies-pour-un-role',	'base-sur-la-classe'),
('ils-font-juste-l-aumone',	'base-sur-la-classe'),
('je-ne-pourrais-jamais-abandonner-mon-bebe',	'base-sur-la-classe'),
('le-mythe-du-meritocratisme',	'base-sur-la-classe'),
('supposer-que-les-personnes-racisees-sont-pauvres-moins-performantes',	'base-sur-la-classe'),
('a-nevedet-tul-nehez-kiejteni',	'faji-hovatartozas-etnikum'),
('a-taskadat-szorongatod-amikor-egy-kisebbsegi-szinesboru-kozeledik',	'faji-hovatartozas-etnikum'),
('a-teljesitmenyelvuseg-mitosza',	'faji-hovatartozas-etnikum'),
('apad-kenyszeritett-hogy-hidzsabot-viselj',	'faji-hovatartozas-etnikum'),
('az-eselyegyenloseg-miatt-vettek-fel-teged',	'faji-hovatartozas-etnikum'),
('borszinvaksag',	'faji-hovatartozas-etnikum'),
('egy-adott-nepcsoport-akcentusanak-utanzasa',	'faji-hovatartozas-etnikum'),
('egzotikussag-fetisizalasa',	'faji-hovatartozas-etnikum'),
('ez-a-no-annyira-agressziv',	'faji-hovatartozas-etnikum'),
('ez-az-igazi-hajad',	'faji-hovatartozas-etnikum'),
('feltetelezes-hogy-a-kisebbsegi-emberek-szegenyek-vagy-kevesbe-sikeresek',	'faji-hovatartozas-etnikum'),
('feltetelezes-hogy-minden-azsiai-ember-jo-matekbol',	'faji-hovatartozas-etnikum'),
('feltetelezes-hogy-minden-roma-ember-agressziv-fenyegeto',	'faji-hovatartozas-etnikum'),
('feltetelezett-bunozes',	'faji-hovatartozas-etnikum'),
('gyanakvas-a-kisebbsegi-emberek-sikereivel-szemben',	'faji-hovatartozas-etnikum'),
('hangnem-kontroll',	'faji-hovatartozas-etnikum'),
('homogenizacio',	'faji-hovatartozas-etnikum'),
('honnan-szarmazol-valojaban',	'faji-hovatartozas-etnikum'),
('hu-de-jol-beszelsz-magyarul',	'faji-hovatartozas-etnikum'),
('judaizmus-olyan-mint-a-keresztenyseg',	'faji-hovatartozas-etnikum'),
('kisebbsegi-emberek-nem-eleg-kepzettek-egy-feladathoz',	'faji-hovatartozas-etnikum'),
('masodosztalyu-allampolgar',	'faji-hovatartozas-etnikum'),
('megkerni-a-kisebbsegi-embereket-hogy-tanitsak-meg-az-anyanyelvuket',	'faji-hovatartozas-etnikum'),
('minden-elet-szamit',	'faji-hovatartozas-etnikum'),
('minta-kisebbseg',	'faji-hovatartozas-etnikum'),
('naci-szo-melleknevkent-valo-hasznalata',	'faji-hovatartozas-etnikum'),
('nem-latok-szineket',	'faji-hovatartozas-etnikum'),
('nem-vagyok-rasszista-vannak-kisebbsegi-szinesboru-barataim',	'faji-hovatartozas-etnikum'),
('nem-viselkedsz-ugy-mint-a-tobbi-roma',	'faji-hovatartozas-etnikum'),
('olyan-egzotikusan-nezel-ki',	'faji-hovatartozas-etnikum'),
('olyan-profi-vagy',	'faji-hovatartozas-etnikum'),
('orokos-idegen-sztereotipia',	'faji-hovatartozas-etnikum'),
('rejtett-bantalmazas',	'faji-hovatartozas-etnikum'),
('roma-fekete-lany-letedre-csinos-vagy',	'faji-hovatartozas-etnikum'),
('szemkontaktus-kerulese-a-kisebbsegi-szinesboru-munkatarsakkal',	'faji-hovatartozas-etnikum'),
('zsido-orrod-van',	'faji-hovatartozas-etnikum'),
('a-teljesitmenyelvuseg-mitosza',	'fogyatekossag'),
('csak-lepj-tul-rajta',	'fogyatekossag'),
('de-te-olyan-normalisnak-tunsz',	'fogyatekossag'),
('fogyatekossaggal-elo-szemely-specialis-igenyu',	'fogyatekossag'),
('hangnem-kontroll',	'fogyatekossag'),
('inspiracio-porno',	'fogyatekossag'),
('kritizalas-mentalis-egeszseg-eloterbe-helyezeseert',	'fogyatekossag'),
('ledobbenni-ha-a-fogyatekkal-elo-szemely-valamit-kepes-megcsinalni',	'fogyatekossag'),
('mi-tortent-veled',	'fogyatekossag'),
('mindannyionknak-van-egy-kis-fogyatekossaga',	'fogyatekossag'),
('nagyon-inspiralo-ahogyan-lekuzdotted-a-fogyatekossagodat',	'fogyatekossag'),
('nem-tudom-elhinni-hogy-hazas-vagy',	'fogyatekossag'),
('onmagadat-kenyszerbetegnek-nevezed-amikor-nem-vagy-az',	'fogyatekossag'),
('orult-modon-viselkednek',	'fogyatekossag'),
('rejtett-bantalmazas',	'fogyatekossag'),
('valakire-ugy-hivatkozni-hogy-kerekesszekes-vagy-rokkant',	'fogyatekossag'),
('valakit-vagy-valamit-retardaltnak-nevezni',	'fogyatekossag'),
('c-est-qui-l-homme-dans-la-relation',	'genre'),
('comment-ca-tu-veux-pas-d-enfants',	'genre'),
('controle-de-la-tonalite',	'genre'),
('critiquer-qqn-qui-fait-passer-sa-sante-mentale-en-premier',	'genre'),
('demander-a-la-seule-femme-de-rediger-le-compte-rendu-de-la-reunion',	'genre'),
('demander-le-vrai-nom-ou-les-pronoms-preferes',	'genre'),
('donner-le-credit-seulement-aux-hommes-pour-le-travail-des-femmes',	'genre'),
('elle-doit-avoir-ses-regles',	'genre'),
('elle-est-tellement-agressive',	'genre'),
('fr-exoticisat­ion',	'genre'),
('fr-gaslighting',	'genre'),
('fr-mansplaining',	'genre'),
('interrompre-uniquement-les-femmes-dans-une-reunion',	'genre'),
('je-ne-pourrais-jamais-abandonner-mon-bebe',	'genre'),
('je-peux-toucher-tes-cheveux',	'genre'),
('le-medecin-se-concentre-inutilement-sur-le-genre-ou-sexualite',	'genre'),
('le-mythe-du-meritocratisme',	'genre'),
('les-garcons-resteront-des-garcons',	'genre'),
('m-maman',	'genre'),
('oublie-ca',	'genre'),
('pourquoi-tu-n-es-pas-encore-mariee',	'genre'),
('quand-est-ce-que-tu-vas-vraiment-faire-la-transition',	'genre'),
('questions-intrusives-gypotheses-sur-le-sexe-et-corps',	'genre'),
('s-adresser-uniquement-a-l-homme-dans-les-environnements-de-service-a-la-clientele',	'genre'),
('se-mefier-de-la-reussite-des-personnes-racisees',	'genre'),
('supposer-qu-une-collegue-femme-est-une-stagiaire-ou-etudiante',	'genre'),
('t-es-bi-c-est-sexy',	'genre'),
('ton-mariage-va-t-il-etre-arrange',	'genre'),
('traiter-les-femmes-de-folles-garces-ou-hysteriques',	'genre'),
('tu-devrais-sourire-plus-souvent',	'genre'),
('tu-es-belle-pour-une-fille-transgenre',	'genre'),
('tu-es-jolie-pour-une-fille-noire-racisee',	'genre'),
('tu-es-si-exotique',	'genre'),
('tu-es-tellement-autoritaire',	'genre'),
('tu-es-un-employe-por-la-divesification',	'genre'),
('utiliser-des-pronoms-incorrects',	'genre'),
('utiliser-normal-ou-ordinaire-pour-signifier-heterosexuel-ou-cisgenre',	'genre'),
('vous-devriez-vous-habiller-de-facon-plus-modeste-moins-friponne',	'genre'),
('wow-tu-es-tellement-professionnel-le',	'genre'),
('arrete-nous-avons-tous-un-peu-de-handicap',	'handicap'),
('controle-de-la-tonalite',	'handicap'),
('critiquer-qqn-qui-fait-passer-sa-sante-mentale-en-premier',	'handicap'),
('faire-reference-a-une-personne-handicapee-en-disant-qu-elle-a-des-besoins-speciaux',	'handicap'),
('fr-gaslighting',	'handicap'),
('ils-sont-fous',	'handicap'),
('je-n-arrive-pas-a-croire-que-tu-sois-mariee',	'handicap'),
('la-facon-dont-tu-as-surmonte-votre-handicap-est-tres-inspirante',	'handicap'),
('le-mythe-du-meritocratisme',	'handicap'),
('mais-tu-as-l-air-si-normal-e',	'handicap'),
('oublie-ca',	'handicap'),
('paraitre-choque-par-les-capacites-d-une-personne-handicapee',	'handicap'),
('porno-de-l-inspiration',	'handicap'),
('qu-est-ce-qui-t-est-arrive',	'handicap'),
('se-decrire-comme-un-toc-alors-qu-on-ne-l-est-pas',	'handicap'),
('se-referer-a-qqn-comme-etant-dans-un-fauteuil-roulant-ou-confine-a',	'handicap'),
('traiter-qqn-ou-qc-d-attarde',	'handicap'),
('tu-es-si-eloquent-e',	'handicap'),
('a-fiuk-mar-csak-ilyenek',	'kor'),
('a-rozsaszin-a-lanyoknak-valo',	'kor'),
('feltetelezes-hogy-egy-idosebb-szemely-nem-ert-a-technologiahoz',	'kor'),
('feltetelezes-hogy-egy-noi-kollega-gyakornok-vagy-diak',	'kor'),
('feltetelezes-hogy-minden-fiatal-lusta-es-kivaltsagos',	'kor'),
('hangero-emelese-nyelvezet-egyszerusitese-idosek-szamara',	'kor'),
('hogyhogy-nem-vagy-meg-hazas',	'kor'),
('hu-remekul-nezel-ki-a-korodhoz-kepest',	'kor'),
('idosek-nyelven-valo-beszeles',	'kor'),
('kicsit-fiatal-vagy-meg-ahhoz-hogy-ezt-a-projektet-vezesd',	'kor'),
('legyel-ferfi',	'kor'),
('ok-boomer',	'kor'),
('olyan-fiatalnak-tunsz',	'kor'),
('olyan-nagymamas-vagy',	'kor'),
('olyan-profi-vagy',	'kor'),
('omg-olyan-oreg-vagy',	'kor'),
('tudod-egyaltalan-mi-az-a-snapchat-vagy-tiktok',	'kor'),
('c-est-qui-l-homme-dans-la-relation',	'lgbt'),
('controle-de-la-tonalite',	'lgbt'),
('demander-le-vrai-nom-ou-les-pronoms-preferes',	'lgbt'),
('fr-gaslighting',	'lgbt'),
('juste-ne-me-drague-pas-s-il-te-plait',	'lgbt'),
('le-medecin-se-concentre-inutilement-sur-le-genre-ou-sexualite',	'lgbt'),
('quand-est-ce-que-tu-vas-vraiment-faire-la-transition',	'lgbt'),
('questions-intrusives-gypotheses-sur-le-sexe-et-corps',	'lgbt'),
('suggerer-que-deux-personnes-devraient-sortir-ensemble-juste-parce-qu-ils-sont-gays',	'lgbt'),
('t-es-bi-c-est-sexy',	'lgbt'),
('tu-es-belle-pour-une-fille-transgenre',	'lgbt'),
('utiliser-des-pronoms-incorrects',	'lgbt'),
('utiliser-normal-ou-ordinaire-pour-signifier-heterosexuel-ou-cisgenre',	'lgbt'),
('a-heteroszexualis-vagy-cisznemueket-normaliskent-vagy-atlagoskent-emliteni',	'lmbt'),
('azonos-nemu-parok-csak-baratok',	'lmbt'),
('biszex-vagy-ez-szexi',	'lmbt'),
('csak-ne-nyomulj-ram-kerlek',	'lmbt'),
('egyaltalan-nem-tunsz-transznemunek',	'lmbt'),
('egzotikussag-fetisizalasa',	'lmbt'),
('ez-annyira-buzis',	'lmbt'),
('hangnem-kontroll',	'lmbt'),
('javaslat-hogy-ket-ember-randizzon-csak-mert-melegek',	'lmbt'),
('kiraly-te-vagy-az-elso-transz-baratom',	'lmbt'),
('masodosztalyu-allampolgar',	'lmbt'),
('nalatok-ki-a-ferfi-a-kapcsolatban',	'lmbt'),
('nem-ertem-hogyhogy-nem-akarsz-szexelni',	'lmbt'),
('nem-lehet-megmondani-hogy-meleg-vagy',	'lmbt'),
('no-homo',	'lmbt'),
('rejtett-bantalmazas',	'lmbt'),
('szoval-mikor-kezded-a-hormonterapiat',	'lmbt'),
('szuletesi-nev-megkerdezese',	'lmbt'),
('tolakodo-kerdesek-es-feltetelezesek-a-nemi-iranyultsaggal-vagy-testtel-kapcsolatban',	'lmbt'),
('transznemu-lany-letedre-gyonyoru-vagy',	'lmbt'),
('a-fiuk-mar-csak-ilyenek',	'nem'),
('a-heteroszexualis-vagy-cisznemueket-normaliskent-vagy-atlagoskent-emliteni',	'nem'),
('a-noi-szo-szerepeltetese-a-munkakor-megnevezeseben',	'nem'),
('a-noket-orultnek-ribancnak-vagy-hiszterikusnak-nevezni',	'nem'),
('a-rozsaszin-a-lanyoknak-valo',	'nem'),
('a-teljesitmenyelvuseg-mitosza',	'nem'),
('annyira-fonokoskodo-vagy',	'nem'),
('az-eselyegyenloseg-miatt-vettek-fel-teged',	'nem'),
('biszex-vagy-ez-szexi',	'nem'),
('biztosan-menstrual',	'nem'),
('csak-a-ferfiaknak-adni-elismerest-egy-no-munkajaert',	'nem'),
('csak-lepj-tul-rajta',	'nem'),
('egy-megbeszelesen-csak-a-nok-felbeszakitasa',	'nem'),
('egyaltalan-nem-tunsz-transznemunek',	'nem'),
('egzotikussag-fetisizalasa',	'nem'),
('ez-a-no-annyira-agressziv',	'nem'),
('ez-az-igazi-hajad',	'nem'),
('feltetelezes-hogy-egy-noi-kollega-gyakornok-vagy-diak',	'nem'),
('hangnem-kontroll',	'nem'),
('hazassagotok-erdekbol-lesz',	'nem'),
('hogyhogy-nem-akarsz-gyereket',	'nem'),
('hogyhogy-nem-vagy-meg-hazas',	'nem'),
('kiraly-te-vagy-az-elso-transz-baratom',	'nem'),
('kisebbsegi-emberek-nem-eleg-kepzettek-egy-feladathoz',	'nem'),
('legyel-ferfi',	'nem'),
('mansplaining',	'nem'),
('masodosztalyu-allampolgar',	'nem'),
('megkerni-az-egyetlen-not-hogy-o-keszitse-a-jegyzokonyvet',	'nem'),
('miszter-anya',	'nem'),
('nalatok-ki-a-ferfi-a-kapcsolatban',	'nem'),
('nem-lehet-megmondani-hogy-meleg-vagy',	'nem'),
('no-homo',	'nem'),
('olyan-egzotikusan-nezel-ki',	'nem'),
('olyan-fiatalnak-tunsz',	'nem'),
('orult-modon-viselkednek',	'nem'),
('rejtett-bantalmazas',	'nem'),
('roma-fekete-lany-letedre-csinos-vagy',	'nem'),
('sosem-tudnek-lemondani-a-gyerekemrol',	'nem'),
('szerenyebben-vagy-kevesbe-kislanyosan-kellene-oltozkodnod',	'nem'),
('szoval-mikor-kezded-a-hormonterapiat',	'nem'),
('szuletesi-nev-megkerdezese',	'nem'),
('tobbet-kellene-mosolyognod',	'nem'),
('tolakodo-kerdesek-es-feltetelezesek-a-nemi-iranyultsaggal-vagy-testtel-kapcsolatban',	'nem'),
('transznemu-lany-letedre-gyonyoru-vagy',	'nem'),
('ugyfelszolgalati-kornyezetben-csak-a-ferfiak-megszolitasa',	'nem'),
('a-teljesitmenyelvuseg-mitosza',	'osztalyalapu'),
('csak-segelyen-kepes-elni',	'osztalyalapu'),
('feltetelezes-hogy-a-kisebbsegi-emberek-szegenyek-vagy-kevesbe-sikeresek',	'osztalyalapu'),
('kisebbsegi-emberek-nem-eleg-kepzettek-egy-feladathoz',	'osztalyalapu'),
('sosem-tudnek-lemondani-a-gyerekemrol',	'osztalyalapu'),
('szegeny-lusta',	'osztalyalapu'),
('valaki-nyelvtanjat-kijavitani-lekicsinylo-vagy-megszegyenito-modon',	'osztalyalapu'),
('attribution-de-l-intelligence',	'race-ethnicite'),
('confondre-les-collegues-racises-entre-eux',	'race-ethnicite'),
('controle-de-la-tonalite',	'race-ethnicite'),
('criminalite-presumee',	'race-ethnicite'),
('demander-a-des-personnes-racisees-de-vous-enseigner-leur-langue-maternelle',	'race-ethnicite'),
('elle-est-tellement-agressive',	'race-ethnicite'),
('eviter-le-contact-visuel-avec-les-collegues-racises',	'race-ethnicite'),
('fr-exoticisat­ion',	'race-ethnicite'),
('fr-gaslighting',	'race-ethnicite'),
('homogenisation',	'race-ethnicite'),
('il-est-trop-difficile-a-prononcer-ton-nom',	'race-ethnicite'),
('imiter-l-accent-d-une-culture',	'race-ethnicite'),
('je-peux-toucher-tes-cheveux',	'race-ethnicite'),
('je-suis-pas-raciste-j-ai-des-amis-racises',	'race-ethnicite'),
('je-vois-pas-de-couleur',	'race-ethnicite'),
('le-judaisme-est-comme-le-christianisme-sans-jesus',	'race-ethnicite'),
('le-mythe-du-meritocratisme',	'race-ethnicite'),
('minorite-exemplaire',	'race-ethnicite'),
('presumer-que-tous-les-asiatiques-sont-bons-en-maths',	'race-ethnicite'),
('se-mefier-de-la-reussite-des-personnes-racisees',	'race-ethnicite'),
('serrer-ton-sac-quand-une-personne-racisee-sapproche',	'race-ethnicite'),
('stereotype-de-l-etranger-perpetuel',	'race-ethnicite'),
('suggere-que-toutes-les-personnes-noires-sont-agressives',	'race-ethnicite'),
('supposer-que-le-peuple-juif-controle-les-banques-media-hollywood',	'race-ethnicite'),
('supposer-que-les-personnes-racisees-sont-pauvres-moins-performantes',	'race-ethnicite'),
('ton-pere-t-a-fait-porter-ce-hijab',	'race-ethnicite'),
('toutes-les-vies-comptent',	'race-ethnicite'),
('tu-es-jolie-pour-une-fille-noire-racisee',	'race-ethnicite'),
('tu-es-si-eloquent-e',	'race-ethnicite'),
('tu-es-si-exotique',	'race-ethnicite'),
('tu-es-un-employe-por-la-divesification',	'race-ethnicite'),
('tu-es-un-honneur-pour-ta-race',	'race-ethnicite'),
('tu-viens-d-ou-vraiment',	'race-ethnicite'),
('utiliser-le-mot-nazi-comme-un-adjectif',	'race-ethnicite'),
('wow-tu-es-tellement-professionnel-le',	'race-ethnicite'),
('wow-tu-parles-francais-top-bien',	'race-ethnicite'),
('criminalite-presumee',	'religion'),
('fr-exoticisat­ion',	'religion'),
('fr-gaslighting',	'religion'),
('le-judaisme-est-comme-le-christianisme-sans-jesus',	'religion'),
('si-tu-ne-crois-pas-en-dieu-en-quoi-tu-crois',	'religion'),
('supposer-que-le-peuple-juif-controle-les-banques-media-hollywood',	'religion'),
('supposer-que-les-musulmans-sont-extremistes-ou-terroristes',	'religion'),
('ton-mariage-va-t-il-etre-arrange',	'religion'),
('ton-pere-t-a-fait-porter-ce-hijab',	'religion'),
('tu-as-un-nez-de-juif',	'religion'),
('utiliser-le-mot-nazi-comme-un-adjectif',	'religion'),
('apad-kenyszeritett-hogy-hidzsabot-viselj',	'vallas'),
('egzotikussag-fetisizalasa',	'vallas'),
('feltetelezett-bunozes',	'vallas'),
('ha-nem-hiszel-istenben-miben-hiszel',	'vallas'),
('hazassagotok-erdekbol-lesz',	'vallas'),
('judaizmus-olyan-mint-a-keresztenyseg',	'vallas'),
('muszlim-emberek-szelsosegesek-vagy-terroristak',	'vallas'),
('naci-szo-melleknevkent-valo-hasznalata',	'vallas'),
('rejtett-bantalmazas',	'vallas'),
('zsido-orrod-van',	'vallas'),
('zsidok-hollywood-bankok-media',	'vallas');

DROP TABLE IF EXISTS `entryresource`;
CREATE TABLE `entryresource` (
  `entryid` varchar(100) CHARACTER SET utf8 COLLATE utf8_general_ci NOT NULL,
  `resourceid` varchar(100) CHARACTER SET utf8 COLLATE utf8_general_ci NOT NULL,
  `type` varchar(100) CHARACTER SET utf8 COLLATE utf8_general_ci NOT NULL,
  `title` varchar(1000) CHARACTER SET utf8 COLLATE utf8_general_ci NOT NULL,
  `description` text CHARACTER SET utf8 COLLATE utf8_general_ci,
  `link` varchar(1000) CHARACTER SET utf8 COLLATE utf8_general_ci DEFAULT NULL,
  `modified_at` timestamp NOT NULL ON UPDATE CURRENT_TIMESTAMP,
  `deleted_at` timestamp NULL DEFAULT NULL,
  PRIMARY KEY (`resourceid`),
  UNIQUE KEY `resourceid` (`resourceid`),
  KEY `entryid` (`entryid`),
  CONSTRAINT `entryresource_ibfk_1` FOREIGN KEY (`entryid`) REFERENCES `entry` (`id`)
) ENGINE=InnoDB DEFAULT CHARSET=utf8mb3;

INSERT INTO `entryresource` (`entryid`, `resourceid`, `type`, `title`, `description`, `link`, `modified_at`, `deleted_at`) VALUES
('nem-ertem-hogyhogy-nem-akarsz-szexelni',	'nem-ertem-hogyhogy-nem-akarsz-szexelni-resource',	'RESOURCE',	'Mi az aszexualitás és hogyan alakul ki?',	NULL,	'https://napidoktor.hu/noi-egeszseg/mi-az-aszexualitas-es-hogyan-alakul-ki/',	'2022-04-05 00:00:00',	NULL),
('tu-as-un-nez-de-juif',	'tu-as-un-nez-de-juif-exemple',	'EXAMPLE',	'Une blague récurrente dans la populaire sitcom \"Friends\" des années 90 était que Rachel Green (qui est juive) était moins attirante avant de se faire refaire le nez.',	NULL,	'https://www.youtube.com/watch?v=ouIfs5NXl-I',	'2022-04-04 00:00:00',	NULL),
('tu-as-un-nez-de-juif',	'tu-as-un-nez-de-juif-resource',	'RESOURCE',	'L\'utilisation des préjuges esthétiques comme redoutable outil de stigmatisation du juif',	NULL,	'https://www.cairn.info/revue-anthropologie-des-connaissances-2013-4-page-971.htm',	'2022-04-04 00:00:00',	NULL),
('zsido-orrod-van',	'zsido-orrod-van-example',	'EXAMPLE',	'A \'90-es évek népszerű szitkomjában, a \'Jóbarátokban\' az volt a vicc, hogy Rachel Green (aki zsidó) kevésbé volt vonzó orrműtétje előtt.',	NULL,	'https://hu.wikipedia.org/wiki/A_J%C3%B3bar%C3%A1tok_epiz%C3%B3djainak_list%C3%A1ja#2._%C3%A9vad:_1995-1996',	'2022-04-04 20:25:36',	NULL),
('zsido-orrod-van',	'zsido-orrod-van-resource',	'RESOURCE',	'Miért van a zsidóknak nagy orruk?',	NULL,	'https://index.hu/tudomany/til/2020/06/18/miert_van_a_zsidoknak_nagy_orruk/',	'2022-04-04 20:25:36',	NULL);

SET NAMES utf8mb4;

DROP TABLE IF EXISTS `translation`;
CREATE TABLE `translation` (
  `id` int DEFAULT NULL,
  `translation_key` mediumtext,
  `translation_value` mediumtext,
  `language_code` mediumtext
) ENGINE=InnoDB DEFAULT CHARSET=utf8mb4 COLLATE=utf8mb4_0900_ai_ci;

INSERT INTO `translation` (`id`, `translation_key`, `translation_value`, `language_code`) VALUES
(1,	'general.backToHome',	'Vissza a főoldalra',	'hu'),
(2,	'search.title',	'Keresés',	'hu'),
(3,	'general.missingSomethingTitle',	'Hiányzik valami?',	'hu'),
(4,	'general.missingSomethingText',	'<a href=\"{{linkHungarian}}\">Ezen az űrlapon</a> hozzáadhatsz új bejegyzést.',	'hu'),
(5,	'general.def',	'(def.)',	'hu'),
(6,	'entry.foundErrorTitle',	'Hibát, vagy pontatlanságot találtál az oldalon?',	'hu'),
(7,	'entry.foundErrorText',	'Kérjük, írd meg nekünk a <a href=\"mailto:{{address}}\">{{address}}</a> címre.',	'hu'),
(8,	'entry.mightInterestYou',	'Ez is érdekelhet',	'hu'),
(9,	'general.title',	'MikroagressziWiki',	'hu'),
(10,	'entry.share',	'Link megosztása',	'hu'),
(11,	'general.close',	'Bezárás',	'hu'),
(12,	'general.titleFirst',	'Mikro',	'hu'),
(13,	'general.titleLast',	'agresszi wiki',	'hu'),
(14,	'general.ideaFrom',	'A <a href=\"{{source}}\" target=\"_blank\">The Micropedia</a> ötlete alapján.',	'hu'),
(15,	'footer.supportAt',	'Itt támogathatsz minket:',	'hu'),
(16,	'footer.linksAt',	'Itt érhetsz el minket:',	'hu'),
(17,	'footer.emailOr',	'vagy <a href=\"mailto:{{address}}\">{{address}}</a>',	'hu'),
(18,	'search.noResult',	'Nincs találat.',	'hu'),
(19,	'general.titleSecond',	'agresszi',	'hu'),
(20,	'general.titleThird',	'wiki',	'hu'),
(21,	'home.secondaryLine',	'Micro-encyclopédie interactive<br />sur les microagressions, leurs origines et leurs effets.',	'fr'),
(22,	'home.searchTitle',	'Keress kulcsszavakra, vagy használd a<br />\n          menüt kategóriák böngészéséhez.',	'hu'),
(23,	'home.searchExample',	'pld. \'munkahely\'',	'hu'),
(24,	'explain.whatIs.title',	'Mi az a mikroagresszió?',	'hu'),
(25,	'explain.responsible.title',	'Hogyan legyünk felelősek?',	'hu'),
(26,	'explain.responsible.text',	'Vegyél levegőt egy pillanatra. Mindenki okozott már valamikor mikroagressziót\n        az életében, kellemetlen helyzeteket teremtve.',	'hu'),
(27,	'explain.responsible.examples',	'<li>Ne hagyd figyelmen kívül, hogy ami történt.</li>\n        <li>Hallgasd meg, mit mond az a személy, akit megbántottál.</li>\n        <li>Kérj őszinte bocsánatkérést kifogások nélkül.</li>',	'hu'),
(28,	'explain.react.title',	'Hogyan reagáljunk?',	'hu'),
(29,	'explain.react.text',	'Állj meg a beszélgetésben egy pillanatra.\n        A mikroagresszió megtapasztalása megviselheti a mentális és fizikai egészségedet.',	'hu'),
(30,	'explain.react.examples',	'<li>Helyezd első helyre saját magad és az igényeidet.</li>\n        <li>Döntsd el, hogy akarsz-e egyáltalán válaszolni vagy sem</li>\n        <li>Ne feledd, hogy nem kell azonnal vagy egyáltalán válaszolnod.</li>',	'hu'),
(31,	'explain.avoid.examples',	'<li>Állj meg egy pillanatra</li>\n        <li>Gondold át, hogy mit akarsz mondani/tenni és miért.</li>\n        <li>Fogalmazd át a gondolataidat a kérdésfeltevés során felfedezett előítéletekkel kapcsolatosan.</li>',	'hu'),
(32,	'explain.avoid.title',	'Hogyan lehet elkerülni?',	'hu'),
(33,	'explain.avoid.text',	'Mielőtt bármit mondasz, gondold végig, hogy mit szeretnél mondani.\n        A mikroagresszió olyan finom, hogy gyakran észre sem\n        veszed, hogy épp okozol egyet; de ez nem jelenti azt, hogy nem tudod tudatosan megelőzni.',	'hu'),
(34,	'explain.whatIs.text',	'A mikroagresszió olyan mindennapos bántás és sértés,\n        amellyel marginalizált csoportok szembesülnek.\n        Ezek gyakran nagyon finom megjegyzések vagy cselekedetek, amelyek implicit előítéletből és/vagy\n        sztereotípiákból erednek. Ezek tűnhetnek bóknak\n        (<a href=\"#/entry/?id=transznemu-lany-letedre-gyonyoru-vagy\">\"Transznemű lány létedre gyönyörű vagy\"</a>),\n        ártalmatlan\n        megjegyzésnek\n        (<a href=\"#/entry/?id=honnan-szarmazol-valojaban\">\"Honnan származol valójában?\"</a>) vagy tudatalatti cselekvésnek\n        (<a href=\"#/entry/?id=szemkontaktus-kerulese-a-kisebbsegi-szinesboru-munkatarsakkal\">Szemkontaktus kerülése a kisebbségi/színesbőrű munkatársakkal</a>).',	'hu'),
(35,	'general.title',	'MicroAgressions.fr',	'fr'),
(36,	'general.titleFirst',	'Micro',	'fr'),
(37,	'general.titleLast',	'agressions',	'fr'),
(38,	'general.titleSecond',	'agressions',	'fr'),
(39,	'general.titleThird',	'.fr',	'fr'),
(40,	'search.title',	'Recherche',	'fr'),
(41,	'search.noResult',	'Pas de resultat.',	'fr'),
(42,	'general.close',	'Fermer',	'fr'),
(43,	'general.backToHome',	'Retour à page d\'accueil',	'fr'),
(44,	'general.def',	'(def.)',	'fr'),
(45,	'footer.emailOr',	'ou <a href=\"mailto:{{address}}\">{{address}}</a>',	'fr'),
(46,	'entry.share',	'Partage de lien',	'fr'),
(47,	'home.searchExample',	'ex. \'lieu de travail\'',	'fr'),
(48,	'home.secondaryLine',	'Interaktív mini-enciklopédia<br />a mikroagressziókról, azok eredetéről és hatásáról.',	'hu'),
(49,	'entry.foundErrorText',	'Merci de nous signaler sur <a href=\"mailto:{{address}}\">{{address}}</a>.',	'fr'),
(50,	'entry.foundErrorTitle',	'Vous avez trouvé quelque chose d\'incorrect ?',	'fr'),
(51,	'entry.mightInterestYou',	'Ceci pourrait vous intéresser',	'fr'),
(52,	'explain.avoid.examples',	'<li>Faites une pause.</li>\n<li>Remettez en question ce que vous voulez dire/faire et pourquoi.</li>\n<li>Recadrez vos pensées sur les préjugés que vous avez découvert en vous interrogeant.</li>',	'fr'),
(53,	'explain.avoid.text',	'Prenez le temps de réfléchir d\'abord. Les microagressions sont si subtiles que vous ne vous rendez souvent pas compte que vous êtes sur le point d\'en provoquer une, mais cela ne veut pas dire que vous ne pouvez pas les prévenir.',	'fr'),
(54,	'explain.avoid.title',	'Comment l\'éviter ?',	'fr'),
(55,	'explain.react.examples',	'<li>Faites passer votre personne et vos besoins en premier.</li>\n<li>Déterminez si vous voulez répondre ou non.</li>\n<li>Rappelez-vous que vous n\'êtes pas obligé de répondre tout de suite ou pas du tout.</li>',	'fr'),
(56,	'explain.react.text',	'Prenez une seconde pour vous. Les microagressions peuvent avoir des conséquences néfastes sur votre santé mentale et physique.',	'fr'),
(57,	'explain.react.title',	'Comment réagir ?',	'fr'),
(58,	'explain.responsible.examples',	'<li>N\'ignorez pas ce qui s\'est passé</li>\n<li>Écoutez ce que la personne que vous avez blessée a à dire.</li>\n<li>Présentez des excuses sincères sans chercher d\'excuses</li>',	'fr'),
(59,	'explain.responsible.text',	'Prenez un moment pour respirer. Tout le monde a été victime d\'une micro-agression à un moment donné et ce n\'est jamais une situation facile.',	'fr'),
(60,	'explain.responsible.title',	'Comment être responsable ?',	'fr'),
(61,	'explain.whatIs.text',	'Les microagressions sont des insultes et des rebuffades quotidiennes auxquelles sont confrontés les groupes marginalisés. Il s\'agit souvent de commentaires ou d\'actions très subtils qui découlent de préjugés implicites et/ou de stéréotypes. Elles peuvent ressembler à un compliment (<a href=\"#/entry/?id=tu-es-belle-pour-une-fille-transgenre\">\"Tu es belle pour une transsexuelle\"</a>), à un commentaire anodin (<a href=\"#/entry/?id=tu-viens-d-ou-vraiment\">\"Tu viens d\'où vraiment ?\"</a>) ou à une action inconsciente (<a href=\"#/entry/?id=eviter-le-contact-visuel-avec-les-collegues-racises\">éviter le contact visuel avec les collègues racisés</a>).',	'fr'),
(62,	'explain.whatIs.title',	'C\'est quoi, la micro-agression ?',	'fr'),
(63,	'footer.linksAt',	'Contact:',	'fr'),
(64,	'footer.supportAt',	'Nous supporter:',	'fr'),
(65,	'general.ideaFrom',	'Idée provenant de <a href=\"{{source}}\" target=\"_blank\">The Micropedia</a>.',	'fr'),
(66,	'general.missingSomethingText',	'Vous pouvez ajouter une nouvelle entrée <a href=\"{{linkFrench}}\">en remplissant ce formulaire</a>.',	'fr'),
(67,	'general.missingSomethingTitle',	'Quelque chose manque ?',	'fr'),
(68,	'home.searchTitle',	'Trouvez des mots-clés,<br /> ou utilisez le menu pour parcourir les catégories.',	'fr'),
(69,	'entry.examples',	'Példák',	'hu'),
(70,	'entry.resources',	'Források',	'hu'),
(71,	'entry.examples',	'Exemples',	'fr'),
(72,	'entry.resources',	'Ressources',	'fr'),
(73,	'generic.seoDescription',	'Interaktív mini-enciklopédia a mikroagressziókról, azok eredetéről és hatásáról.',	'hu'),
(74,	'generic.title',	'Interaktív Mikroagresszió Mini-Enciklopédia',	'hu'),
(75,	'generic.seoDescription',	'Mini-encyclopédie interactive sur les microagressions, leurs origines et leurs effets.',	'fr'),
(76,	'generic.title',	'Mini-Encyclopédie interactive sur les microagressions',	'fr');

-- 2023-12-17 21:26:42
